Source File	Size	loadResources	load	generateSnapshots	load-configure	scan	loadDepInfo	loadInfo	checkR4R4B	generateNarratives	validate	loadLists	checkConformanceResources	checkConformanceResources2	checkConformanceResources3	generateLogicalMaps	validateExpressions	scanForUsageStats	checkURLsUnique	processProvenanceDetails	generate1	generate2	generateLogicals	makeDependencies	generateExampleZip	generateValidationPack	scanProfilesForR5	scanExamplesForR5
/fsh-generated/resources/ImplementationGuide-kbv.mio.laborbefund.json	75162	-	1	0	0	0	0	0	45	177	0	0	0	0	0	0	0	15	0	0	794	319	0	0	1	24	0	21
fsh-generated/resources/BodyStructure-6894b106-8a91-4cfb-9826-443aed21c98b.json	3215	15	0	0	3	0	0	0	0	1	0	0	0	0	0	0	0	0	0	0	19	55	0	0	0	0	0	1
fsh-generated/resources/BodyStructure-72f65586-b2b5-465f-a792-89fb7545d7bc.json	1261	5	0	0	0	0	0	0	0	0	0	0	0	0	0	0	0	0	0	0	18	13	0	0	0	0	0	0
fsh-generated/resources/Composition-13c807c0-53e7-488e-84bb-023376563cf3.json	1803	15	0	0	0	0	0	0	1	0	0	0	0	0	0	0	0	0	0	0	15	24	0	0	0	0	0	0
fsh-generated/resources/Composition-cdfb127b-df3c-493f-bc7e-e8be4a7bdc45.json	2769	7	0	0	0	0	0	0	0	0	0	0	0	0	0	0	0	0	0	0	21	22	0	0	0	0	0	0
fsh-generated/resources/Condition-1d344181-abf0-428d-9f3f-1bbd84b7684e.json	2683	7	0	0	0	0	0	0	0	0	0	0	0	0	0	0	0	0	0	0	20	15	0	0	0	0	0	0
fsh-generated/resources/Condition-988426e1-b7df-44b2-881c-09e7cf482b72.json	691	8	0	0	0	0	0	0	0	0	0	0	0	0	0	0	0	0	0	0	15	8	0	0	0	0	0	0
fsh-generated/resources/Device-05146497-2ca3-488e-96cb-c27c77ab6a3c.json	1535	3	0	0	0	0	0	0	0	0	0	0	0	0	0	0	0	1	0	0	16	16	0	0	0	0	0	0
fsh-generated/resources/Device-18a30aa6-3b2d-4738-9ca9-125a452d14e0.json	1719	4	0	0	0	0	0	0	0	0	0	0	0	0	0	0	0	0	0	0	16	14	0	0	0	0	0	0
fsh-generated/resources/Device-1ba291b4-78b5-4bf9-92f7-50f2f3c94cf5.json	317	2	0	0	0	0	0	0	1	0	0	0	0	0	0	0	0	0	0	0	14	9	0	0	0	0	0	0
fsh-generated/resources/Device-c46e7bfb-1ee3-4c6b-9ce2-204939133cc5.json	2037	10	0	0	0	0	0	0	0	0	0	0	0	0	0	0	0	0	0	0	22	13	0	0	0	0	0	0
fsh-generated/resources/Device-d057eafe-1927-4b09-936b-5cb61b4c7dc6.json	594	2	0	0	0	0	0	0	0	0	0	0	0	0	0	0	0	0	0	0	16	9	0	0	0	0	0	0
fsh-generated/resources/Device-ff1903f6-188a-4e60-b3bc-4b48d4582db8.json	1006	3	0	0	0	0	0	0	0	0	0	0	0	0	0	0	0	0	0	0	16	18	0	0	0	0	0	0
fsh-generated/resources/DeviceDefinition-01021964-005b-4dd5-975d-2e9a9fa917d9.json	501	3	0	0	0	0	0	0	0	0	0	0	0	0	0	0	0	0	0	0	17	12	0	0	0	0	0	0
fsh-generated/resources/DeviceDefinition-25068c1f-a497-4cfe-b4e7-4a7026adf1e6.json	829	17	0	0	1	0	0	0	0	0	0	0	0	0	0	0	0	0	0	0	16	13	0	0	0	0	0	0
fsh-generated/resources/DeviceDefinition-30a47ba7-8975-4383-ad43-61c032c30e53.json	813	6	0	0	0	0	0	0	0	0	0	0	0	0	0	0	0	0	0	0	15	9	0	0	0	0	0	0
fsh-generated/resources/DeviceDefinition-430a63d5-b9ed-469b-a3a1-7aae27f27b11.json	589	10	0	0	0	0	0	0	0	0	0	0	0	0	0	0	0	0	0	0	15	13	0	0	0	0	0	0
fsh-generated/resources/DeviceDefinition-8157f177-3f3e-46b4-be27-efcbf7a216be.json	621	4	0	0	0	0	0	0	0	0	0	0	0	0	0	0	0	0	0	0	13	19	0	0	0	0	0	0
fsh-generated/resources/DeviceDefinition-81840764-fb77-49e6-9a7b-5cb028d29895.json	797	4	0	0	0	0	0	0	0	0	0	0	0	0	0	0	0	0	0	0	18	22	0	0	0	0	0	0
fsh-generated/resources/DiagnosticReport-3604d5a6-798e-4615-8a22-1d280638e2c0.json	4010	15	0	0	0	0	0	0	1	0	0	0	0	0	0	0	0	0	0	0	29	66	0	0	0	0	0	0
fsh-generated/resources/DiagnosticReport-a6f3d3de-0857-45ed-916e-087d84391bc3.json	1944	5	0	0	0	0	0	0	0	0	0	0	0	0	0	0	0	0	0	0	47	39	0	0	0	0	0	1
fsh-generated/resources/DocumentReference-d9e75f3f-3900-4183-a475-d4d3dc1d14cc.json	1584	13	0	0	0	0	0	0	0	0	0	0	0	0	0	0	0	0	0	0	25	216	0	0	1	0	0	0
fsh-generated/resources/DocumentReference-f7dab433-b4b3-4908-8495-4876f0240511.json	863	5	0	0	0	0	0	0	1	0	0	0	0	0	0	0	0	0	0	0	20	21	0	0	0	0	0	0
fsh-generated/resources/Observation-035761c3-8934-499f-bf34-3963979afb56.json	7684	15	0	0	0	0	0	0	1	0	0	0	0	0	0	0	0	1	0	0	47	317	0	0	0	0	0	0
fsh-generated/resources/Observation-0cfe903c-5061-4441-bf5d-1f35c4283c19.json	1495	4	0	0	0	0	0	0	0	0	0	0	0	0	0	0	0	0	0	0	18	15	0	0	0	0	0	0
fsh-generated/resources/Observation-51b6129a-b68c-485d-a37b-9593fee4354f.json	3595	5	0	0	0	0	0	0	0	0	0	0	0	0	0	0	0	0	0	0	22	13	0	0	0	0	0	0
fsh-generated/resources/Observation-6a2a44c6-92f8-40cf-a0bc-673404f7ac9b.json	7707	5	0	0	0	0	0	0	2	0	0	0	0	0	0	0	0	0	0	0	30	130	0	0	0	0	0	0
fsh-generated/resources/Observation-76fdc299-7b3f-404a-b32e-31e416bb0c32.json	1832	8	0	0	0	0	0	0	0	0	0	0	0	0	0	0	0	0	0	0	17	12	0	0	0	0	0	0
fsh-generated/resources/Observation-7813a2dc-36aa-41ce-b5f5-f338e944b5e9.json	1686	5	0	0	0	0	0	0	0	0	0	0	0	0	0	0	0	0	0	0	20	12	0	0	0	0	0	0
fsh-generated/resources/Observation-96f33ca8-872d-4c8b-972e-b681db27d9df.json	1635	3	0	0	0	0	0	0	0	0	0	0	0	0	0	0	0	0	0	0	17	11	0	0	0	0	0	0
fsh-generated/resources/Observation-c1b00183-b205-48a8-9d07-31fc8b6aa74e.json	8075	5	0	0	0	0	0	0	1	0	0	0	0	0	0	0	0	0	0	0	33	23	0	0	0	0	0	0
fsh-generated/resources/Organization-2110eb93-f57f-4f17-8e80-b76bc98d2c6a.json	234	2	0	0	0	0	0	0	0	0	0	0	0	0	0	0	0	0	0	0	17	9	0	0	0	0	0	0
fsh-generated/resources/Organization-b1135775-9c67-4d2f-8618-9ef3d1f5f3d7.json	5444	5	0	0	0	0	0	0	0	0	0	0	0	0	0	0	0	2	0	0	34	18	0	0	0	0	0	1
fsh-generated/resources/Patient-84e01fa5-6763-4a96-99f3-170cf9b317ff.json	798	2	0	0	0	0	0	0	1	0	0	0	0	0	0	0	0	0	0	0	23	10	0	0	0	0	0	0
fsh-generated/resources/Patient-b65dfcca-c6ce-4dac-8742-8da00c192c7d.json	6270	4	0	0	0	0	0	0	1	0	0	0	0	0	0	0	0	0	0	0	47	19	0	0	0	0	0	0
fsh-generated/resources/Practitioner-24435567-fed3-43f8-8fc8-954f68df7fce.json	497	3	0	0	0	0	0	0	0	0	0	0	0	0	0	0	0	1	0	0	16	7	0	0	0	0	0	0
fsh-generated/resources/Practitioner-2b946366-cf18-4d89-a29c-00bf69ac90f6.json	5152	5	0	0	0	0	0	0	1	0	0	0	0	0	0	0	0	0	0	0	29	13	0	0	0	0	0	0
fsh-generated/resources/PractitionerRole-a424d6c6-de52-443e-a9b2-5240d3b9401a.json	1118	2	0	0	0	0	0	0	0	0	0	0	0	0	0	0	0	0	0	0	21	13	0	0	0	0	0	0
fsh-generated/resources/PractitionerRole-bd9d76e7-9fa1-42a4-b364-f93845994612.json	410	3	0	0	0	0	0	0	0	0	0	0	0	0	0	0	0	0	0	0	17	9	0	0	0	0	0	0
fsh-generated/resources/Provenance-5f40f9f7-4474-4080-bb31-a314d1cda038.json	951	2	0	0	0	0	0	0	0	0	0	0	0	0	0	0	0	0	0	0	15	12	0	0	0	0	0	0
fsh-generated/resources/Provenance-f3533f34-781a-4cb4-9926-19fc8479b3e3.json	736	1	0	0	0	0	0	0	0	0	0	0	0	0	0	0	0	0	0	1	17	9	0	0	0	0	0	0
fsh-generated/resources/RelatedPerson-0f9878cf-8297-43c1-bf2d-7de5da068bf6.json	640	2	0	0	0	0	0	0	0	0	0	0	0	0	0	0	0	0	0	0	14	9	0	0	0	0	0	1
fsh-generated/resources/RelatedPerson-778e032a-723a-4f3e-915f-ffbc5488b369.json	3458	3	0	0	0	0	0	0	3	0	0	0	0	0	0	0	0	0	0	0	20	13	0	0	0	0	0	0
fsh-generated/resources/ServiceRequest-01a21c9c-2cd1-44e5-a999-f84d9ef70605.json	2829	4	0	0	0	0	0	0	0	0	0	0	0	0	0	0	0	0	0	0	21	23	0	0	0	0	0	0
fsh-generated/resources/ServiceRequest-eb46f1a2-c4ad-4276-aaaa-aef507db618d.json	1438	3	0	0	1	0	0	0	0	0	0	0	0	0	0	0	0	0	0	0	16	14	0	0	0	0	0	0
fsh-generated/resources/Specimen-4f47fe9c-d92e-46f4-ad6d-85740aaa467b.json	4095	5	0	0	0	0	0	0	1	0	0	0	0	0	0	0	0	0	0	0	21	131	0	0	0	0	0	0
fsh-generated/resources/Specimen-eb7fbea2-95bd-4618-b38d-ce69cde79726.json	840	3	0	0	0	0	0	0	0	0	0	0	0	0	0	0	0	0	0	0	16	17	0	0	0	0	0	0
fsh-generated/resources/StructureDefinition-KBV-EX-MIO-LAB-Accredited-Service.json	4297	4	0	19	0	0	0	0	0	220	0	0	2	0	1	0	0	4	0	0	94	876	0	1	0	2	1	0
fsh-generated/resources/StructureDefinition-KBV-EX-MIO-LAB-Alternative-Result.json	13615	11	0	63	0	0	0	0	1	111	0	0	1	0	0	0	0	8	0	0	1175	913	0	0	0	23	1	13
fsh-generated/resources/StructureDefinition-KBV-EX-MIO-LAB-Association-Service.json	4270	6	0	11	0	0	0	0	0	10	0	0	0	0	1	0	0	1	0	0	102	198	0	0	0	3	1	1
fsh-generated/resources/StructureDefinition-KBV-EX-MIO-LAB-Critical-Result.json	4413	4	0	9	0	0	1	0	0	8	0	0	0	0	0	0	0	0	0	0	119	146	0	0	0	2	0	0
fsh-generated/resources/StructureDefinition-KBV-EX-MIO-LAB-Diskriminator.json	4242	3	0	5	0	0	0	0	0	8	0	0	0	0	1	0	0	1	0	0	261	173	0	0	0	3	0	2
fsh-generated/resources/StructureDefinition-KBV-EX-MIO-LAB-External-Service.json	4251	3	0	5	0	0	0	0	0	9	0	0	0	0	1	0	0	0	0	0	97	231	0	0	0	2	0	1
fsh-generated/resources/StructureDefinition-KBV-EX-MIO-LAB-No-Linear-Reference-Range.json	4365	2	0	4	1	0	0	0	0	11	0	0	0	0	0	0	0	1	0	0	98	143	0	0	0	2	0	0
fsh-generated/resources/StructureDefinition-KBV-EX-MIO-LAB-Order-Entry-Time.json	4303	3	0	5	0	0	0	0	0	8	0	0	0	0	0	0	0	0	0	0	115	129	0	0	0	2	0	0
fsh-generated/resources/StructureDefinition-KBV-EX-MIO-LAB-Pseudonymized-Report.json	4605	3	0	6	0	0	0	0	0	10	0	0	0	0	1	0	0	1	0	0	92	134	0	0	0	3	0	1
fsh-generated/resources/StructureDefinition-KBV-EX-MIO-LAB-Reason-Type.json	4690	3	0	5	0	0	0	0	0	10	0	0	0	0	0	0	0	7	0	0	90	133	0	0	0	2	0	0
fsh-generated/resources/StructureDefinition-KBV-EX-MIO-LAB-Secondary-Status.json	5153	4	0	9	0	0	0	0	0	21	0	0	1	0	1	0	0	7	0	0	139	190	0	0	0	4	1	1
fsh-generated/resources/StructureDefinition-KBV-EX-MIO-LAB-Sorting-Number.json	4608	3	0	5	0	0	0	0	0	12	0	0	0	0	0	0	0	0	0	0	86	139	0	0	0	2	0	0
fsh-generated/resources/StructureDefinition-KBV-EX-MIO-LAB-Source-Reference-Range.json	4964	4	0	7	0	0	0	0	0	18	0	0	0	0	1	0	0	11	0	0	156	233	0	0	0	5	0	1
fsh-generated/resources/StructureDefinition-KBV-EX-MIO-LAB-zlog.json	4149	2	0	8	0	0	0	0	0	11	0	0	0	0	0	0	0	1	0	0	80	306	0	0	0	3	0	1
fsh-generated/resources/StructureDefinition-KBV-PR-MIO-LAB-BodyStructure.json	25630	13	0	68	0	0	0	0	0	138	0	0	2	0	1	0	0	23	0	0	1299	1064	0	0	0	41	1	8
fsh-generated/resources/StructureDefinition-KBV-PR-MIO-LAB-Bundle.json	16216	10	0	1594	0	0	0	0	0	133	0	0	8	0	0	0	0	23	0	0	2722	2119	0	0	0	95	2	33
fsh-generated/resources/StructureDefinition-KBV-PR-MIO-LAB-Composition.json	23949	16	0	74	0	0	0	0	0	176	0	0	6	0	1	0	0	17	0	0	1281	726	0	0	0	50	1	16
fsh-generated/resources/StructureDefinition-KBV-PR-MIO-LAB-Condition-Diagnosis.json	25124	17	0	55	0	0	0	0	1	185	0	0	1	0	0	0	0	7	0	0	1373	2807	0	0	0	44	2	6
fsh-generated/resources/StructureDefinition-KBV-PR-MIO-LAB-Device-Laboratory-Analyzer.json	15277	11	0	50	0	0	0	0	0	162	0	0	1	0	1	0	0	4	0	0	856	759	0	0	0	31	5	15
fsh-generated/resources/StructureDefinition-KBV-PR-MIO-LAB-Device-Specimen-Container.json	14218	11	0	48	0	0	0	0	0	97	0	0	1	0	0	0	0	7	0	0	964	488	0	0	0	29	1	14
fsh-generated/resources/StructureDefinition-KBV-PR-MIO-LAB-Device-Specimen-Subject.json	15978	13	0	60	0	0	0	0	0	75	0	0	1	0	0	0	0	9	0	0	906	590	0	1	0	31	1	3
fsh-generated/resources/StructureDefinition-KBV-PR-MIO-LAB-DeviceDefinition-Laboratory-Analyzer.json	9920	8	0	40	0	0	0	0	0	50	0	0	0	0	3	0	0	3	0	0	631	270	0	0	0	19	1	14
fsh-generated/resources/StructureDefinition-KBV-PR-MIO-LAB-DeviceDefinition-Specimen-Container.json	9865	7	0	39	0	0	0	0	0	50	0	0	1	0	0	0	0	2	0	0	674	422	0	0	0	19	0	2
fsh-generated/resources/StructureDefinition-KBV-PR-MIO-LAB-DeviceDefinition-Specimen-Subject.json	9723	8	0	47	0	0	0	0	0	205	0	0	1	0	0	0	0	3	0	0	583	309	0	0	0	20	1	14
fsh-generated/resources/StructureDefinition-KBV-PR-MIO-LAB-DiagnosticReport.json	38096	19	0	88	1	0	0	0	0	64	0	0	1	0	0	0	0	7	0	0	1820	917	0	0	0	62	1	17
fsh-generated/resources/StructureDefinition-KBV-PR-MIO-LAB-DocumentReference.json	14998	10	0	56	0	0	0	0	0	27	0	0	1	0	1	0	0	7	0	0	836	516	0	0	0	32	1	4
fsh-generated/resources/StructureDefinition-KBV-PR-MIO-LAB-Observation-Image-Attachment.json	15427	12	0	173	0	0	0	0	1	27	0	0	1	0	7	0	0	4	0	0	880	1913	0	0	0	33	2	5
fsh-generated/resources/StructureDefinition-KBV-PR-MIO-LAB-Observation-Laboratory-Study-Group.json	32313	20	0	41	0	0	0	0	0	54	0	0	2	0	0	0	1	7	0	0	1833	878	0	0	0	59	1	16
fsh-generated/resources/StructureDefinition-KBV-PR-MIO-LAB-Observation-Laboratory-Study.json	90393	47	0	76	0	0	0	0	0	276	0	0	4	0	0	0	0	20	0	0	4451	3154	0	1	0	157	4	27
fsh-generated/resources/StructureDefinition-KBV-PR-MIO-LAB-Organization.json	42346	37	0	62	0	0	0	0	0	89	0	0	2	0	0	0	0	14	0	0	2528	1201	0	0	0	83	3	20
fsh-generated/resources/StructureDefinition-KBV-PR-MIO-LAB-Patient.json	48356	36	0	122	0	0	0	0	1	125	0	0	4	0	1	0	0	13	0	0	2945	1371	0	10	0	58	6	30
fsh-generated/resources/StructureDefinition-KBV-PR-MIO-LAB-Practitioner.json	41154	31	0	172	0	0	0	0	0	107	0	0	3	0	0	0	0	11	0	0	2520	1953	0	0	0	42	3	21
fsh-generated/resources/StructureDefinition-KBV-PR-MIO-LAB-PractitionerRole.json	14384	11	0	43	0	0	0	0	0	32	0	0	2	0	0	0	0	3	0	0	872	516	0	0	0	11	1	6
fsh-generated/resources/StructureDefinition-KBV-PR-MIO-LAB-Provenance.json	10664	8	0	39	0	0	0	0	0	19	0	0	2	0	0	0	0	2	0	0	566	401	0	0	0	8	1	3
fsh-generated/resources/StructureDefinition-KBV-PR-MIO-LAB-RelatedPerson.json	27762	17	0	75	0	0	0	0	0	73	0	0	1	0	1	0	0	7	0	0	1667	916	0	0	0	22	2	8
fsh-generated/resources/StructureDefinition-KBV-PR-MIO-LAB-ServiceRequest.json	26729	18	0	101	1	0	0	0	0	47	0	0	2	0	0	0	0	6	0	0	1190	890	0	1	0	20	2	8
fsh-generated/resources/StructureDefinition-KBV-PR-MIO-LAB-Specimen.json	46098	26	0	136	0	0	0	0	1	116	0	0	1	0	3	0	0	19	0	0	2002	920	0	0	0	32	2	13
fsh-generated/resources/StructureDefinition-KBV-PR-MIO-LAB-Substance.json	7115	7	0	42	0	0	0	0	0	15	0	0	1	0	1	0	0	3	0	0	341	185	0	0	0	5	1	10
fsh-generated/resources/Substance-4153de68-1124-4c02-a8a3-98f4c312f075.json	435	3	0	1	0	0	0	0	0	0	0	0	0	0	0	0	0	0	0	0	14	11	0	0	0	0	0	0
fsh-generated/resources/Substance-a4b533d4-0a3c-4701-b411-fd9666bf3d03.json	642	3	0	0	0	0	0	0	0	0	0	0	0	0	0	0	0	0	0	0	14	6	0	0	0	0	0	0
input/vocabulary/KBV_CM_MIO_LAB_Overview_German.json	151378	55	0	0	0	0	0	0	21	1221	0	0	0	0	0	0	0	3	0	0	558	276	0	1	0	12	0	2
input/vocabulary/KBV_CS_MIO_LAB_AdministrativeGender_German.json	2808	9	0	0	0	0	0	0	0	11	0	0	0	0	0	0	0	0	0	0	35	38	0	0	0	1	0	0
input/vocabulary/KBV_CS_MIO_LAB_Bodystructure_Body_Landmark_Clock_Face_Position_German.json	3628	5	0	0	0	0	0	0	1	7	0	0	0	0	0	0	0	0	0	0	42	27	0	0	0	1	0	1
input/vocabulary/KBV_CS_MIO_LAB_CommonLanguages_German.json	7234	11	0	0	0	0	0	0	1	5	0	0	0	0	1	0	0	1	0	0	68	34	0	0	0	0	0	0
input/vocabulary/KBV_CS_MIO_LAB_CommonUCUMCodesForDuration_German.json	3028	5	0	0	0	0	0	0	0	2	0	0	0	0	0	0	0	0	0	0	41	42	0	0	0	1	0	0
input/vocabulary/KBV_CS_MIO_LAB_ContactEntityType_German.json	3059	9	0	0	0	0	0	0	3	3	0	0	0	0	0	0	0	0	0	0	40	29	0	0	0	0	0	0
input/vocabulary/KBV_CS_MIO_LAB_ContactPointSystem_German.json	2722	4	0	0	0	0	0	0	0	2	0	0	0	0	0	0	0	0	0	0	86	36	0	0	0	0	0	0
input/vocabulary/KBV_CS_MIO_LAB_DataAbsentReason_German.json	3789	4	0	0	0	0	0	0	4	2	0	0	0	0	1	0	0	0	0	0	79	43	0	0	0	1	0	0
input/vocabulary/KBV_CS_MIO_LAB_Data_Absent_Reason_German.json	2689	12	0	0	0	0	0	0	0	2	0	0	0	0	0	0	0	0	0	0	34	38	0	0	0	0	0	0
input/vocabulary/KBV_CS_MIO_LAB_DeviceNameType_German.json	3029	5	0	0	0	0	0	0	0	2	0	0	0	0	0	0	0	0	0	0	41	34	0	0	0	0	0	0
input/vocabulary/KBV_CS_MIO_LAB_Diagnostic_ReportStatus_German.json	3242	12	0	0	0	0	0	0	0	1	0	0	0	0	0	0	0	0	0	0	45	23	0	0	0	0	0	0
input/vocabulary/KBV_CS_MIO_LAB_EHDSIReferenceRangeAppliesTo_German.json	2714	6	0	0	0	0	0	0	0	2	0	0	0	0	1	0	0	1	0	0	120	22	0	0	0	1	0	1
input/vocabulary/KBV_CS_MIO_LAB_Extracorporal_Device_SNOMED_CT_German.json	3758	5	0	0	0	0	0	0	1	2	0	0	0	0	0	0	0	0	0	0	98	23	0	0	0	0	0	0
input/vocabulary/KBV_CS_MIO_LAB_Hl7VSRelevantClincialInformation_German.json	2997	8	0	0	1	0	0	0	0	2	0	0	0	0	0	0	0	0	0	0	47	23	0	0	0	0	0	0
input/vocabulary/KBV_CS_MIO_LAB_Identifier_Type_German.json	3320	7	0	0	0	0	0	0	0	1	0	0	0	0	0	0	0	0	0	0	56	21	0	0	0	1	0	0
input/vocabulary/KBV_CS_MIO_LAB_LabSpecimenAdditiveEu_German.json	3794	9	0	0	0	0	0	0	0	2	0	0	1	0	0	0	0	0	0	0	49	25	0	0	0	0	0	0
input/vocabulary/KBV_CS_MIO_LAB_Laboratory_Identificator.json	2792	15	0	0	0	0	0	0	0	2	0	0	0	0	1	0	0	0	0	0	35	17	0	0	0	0	0	0
input/vocabulary/KBV_CS_MIO_LAB_Localisation_Body_Structure_SNOMED_CT_German.json	3388	16	0	0	0	0	0	0	1	1	0	0	0	0	0	0	0	0	0	0	45	20	0	0	0	1	0	0
input/vocabulary/KBV_CS_MIO_LAB_Marital_Status_Codes_German.json	3338	6	0	0	0	0	0	0	0	2	0	0	0	0	0	0	0	0	0	0	40	20	0	0	0	0	0	0
input/vocabulary/KBV_CS_MIO_LAB_ObservationInterpretationCodes_German.json	7709	7	0	0	0	0	0	0	0	3	0	0	0	0	0	0	0	0	0	0	73	30	0	0	0	1	0	0
input/vocabulary/KBV_CS_MIO_LAB_ObservationReferenceRangeMeaningCodes_German.json	4069	11	0	0	0	0	0	0	1	2	0	0	0	0	0	0	0	1	0	0	43	21	0	0	0	0	0	0
input/vocabulary/KBV_CS_MIO_LAB_Observation_Status_German.json	3074	4	0	0	0	0	0	0	0	1	0	0	0	0	1	0	0	0	0	0	56	17	0	0	0	0	0	0
input/vocabulary/KBV_CS_MIO_LAB_PatientRelationshipType_German.json	12627	15	0	0	0	0	0	0	1	5	0	0	0	0	0	0	0	0	0	0	111	39	0	0	0	3	0	1
input/vocabulary/KBV_CS_MIO_LAB_Provenance_Activity_Type_German.json	2640	4	0	0	0	0	0	0	0	2	0	0	0	0	0	0	0	0	0	0	29	21	0	0	0	0	0	0
input/vocabulary/KBV_CS_MIO_LAB_QuantityComparator_German.json	2838	4	0	0	0	0	0	0	0	2	0	0	0	0	0	0	0	0	0	0	32	20	0	0	0	0	0	0
input/vocabulary/KBV_CS_MIO_LAB_RequestPriority_German.json	2737	3	0	0	0	0	0	0	0	1	0	0	0	0	4	0	0	0	0	0	29	31	0	0	0	0	0	0
input/vocabulary/KBV_CS_MIO_LAB_Secondary_Status.json	2722	4	0	0	0	0	0	0	1	2	0	0	0	0	1	0	0	0	0	0	40	26	0	0	0	1	0	0
input/vocabulary/KBV_CS_MIO_LAB_SexParameterForClinicalUse_German.json	2882	4	0	0	0	0	0	0	0	1	0	0	0	0	3	0	0	0	0	0	35	24	0	0	0	0	0	0
input/vocabulary/KBV_CS_MIO_LAB_SpecimenProcessingProcedure_German.json	3062	4	0	0	0	0	0	0	0	2	0	0	0	0	0	0	0	0	0	0	36	34	0	0	0	0	0	0
input/vocabulary/KBV_CS_MIO_LAB_SpecimenStatus_German.json	2833	4	0	0	0	0	0	0	0	1	0	0	0	0	0	0	0	0	0	0	35	30	0	0	0	1	0	0
input/vocabulary/KBV_CS_MIO_LAB_Specimen_Condition_German.json	3735	4	0	0	1	0	0	0	1	2	0	0	0	0	0	0	0	1	0	0	43	40	0	0	0	1	0	0
input/vocabulary/KBV_CS_MIO_LAB_Test_Profil_Laboruntersuchungsgruppe.json	3814	3	0	0	0	0	0	0	0	2	0	0	0	0	1	0	0	0	0	0	42	40	0	0	0	0	0	0
input/vocabulary/KBV_CS_MIO_LAB_Type_Diagram_German.json	2746	4	0	0	0	0	0	0	0	1	0	0	0	0	0	0	0	0	0	0	34	34	0	0	0	0	0	0
input/vocabulary/KBV_CS_MIO_LAB_mio42.json	2547	3	0	0	0	0	0	0	1	2	0	0	0	0	0	0	0	0	0	0	29	23	0	0	0	0	0	0
input/vocabulary/KBV_VS_MIO_LAB_Body_Structures_SNOMED_CT.json	2798	2	0	0	0	0	0	0	0	644	0	0	0	0	0	0	0	0	0	0	34	968	0	0	0	1	0	0
input/vocabulary/KBV_VS_MIO_LAB_Bodystructure_Body_Landmark_Clock_Face_Position.json	4047	3	0	0	0	0	0	0	0	62	0	0	0	0	1	0	0	0	0	0	39	149	0	0	0	0	0	0
input/vocabulary/KBV_VS_MIO_LAB_Data_Absent_Reason.json	2835	1	0	0	0	0	0	0	0	107	0	0	0	0	0	0	0	0	0	0	32	153	0	0	0	0	0	0
input/vocabulary/KBV_VS_MIO_LAB_Diagnostic_ReportStatus.json	3499	3	0	0	0	0	0	0	1	6	0	0	0	0	0	0	0	0	0	0	43	59	0	0	0	1	0	0
input/vocabulary/KBV_VS_MIO_LAB_EHDSIReferenceRangeAppliesTo.json	2929	2	0	0	0	0	0	0	0	4	0	0	0	0	0	0	0	0	0	0	41	71	0	0	0	0	0	0
input/vocabulary/KBV_VS_MIO_LAB_Extracorporal_Device_SNOMED_CT.json	7437	4	0	0	0	0	0	0	0	45	0	0	0	0	0	0	0	1	0	0	47	150	0	0	0	1	0	1
input/vocabulary/KBV_VS_MIO_LAB_Identifier_Type.json	3496	2	0	0	0	0	0	0	0	7	0	0	0	0	1	0	0	0	0	0	47	139	0	0	0	0	0	0
input/vocabulary/KBV_VS_MIO_LAB_Laboratory_Analyzer_SNOMED_CT.json	2810	2	0	0	0	0	0	0	0	77	0	0	0	0	0	0	0	0	0	0	43	167	0	0	0	0	0	0
input/vocabulary/KBV_VS_MIO_LAB_Laboratory_Specialties_LOINC.json	7847	3	0	0	0	0	0	0	1	85	0	0	0	0	0	0	0	0	0	0	66	63	0	0	0	1	0	0
input/vocabulary/KBV_VS_MIO_LAB_Laboruntersuchungsgruppe.json	4281	2	0	0	1	0	0	0	1	5	0	0	0	0	0	0	0	0	0	0	43	47	0	0	0	0	0	0
input/vocabulary/KBV_VS_MIO_LAB_Laterality_Body_Structure_SNOMED_CT.json	3464	3	0	0	0	0	0	0	0	68	0	0	0	0	1	0	0	0	0	0	34	117	0	0	0	0	0	1
input/vocabulary/KBV_VS_MIO_LAB_Localisation_Body_Structure_SNOMED_CT.json	8325	3	0	0	0	0	0	0	0	36	0	0	0	0	0	0	0	0	0	0	49	125	0	0	0	1	0	2
input/vocabulary/KBV_VS_MIO_LAB_MIME_Types.json	3398	2	0	0	0	0	0	0	1	106	0	0	0	0	1	0	0	1	0	0	33	146	0	0	0	0	0	0
input/vocabulary/KBV_VS_MIO_LAB_Observation_Laboratory_Study_Value_SNOMED_CT.json	12470	4	0	0	0	0	0	0	1	47	0	0	0	0	0	0	0	0	0	0	58	67	0	0	0	1	0	2
input/vocabulary/KBV_VS_MIO_LAB_Observation_Methods.json	2794	2	0	0	0	0	0	0	0	76	0	0	0	0	0	0	0	0	0	0	31	185	0	0	0	0	0	0
input/vocabulary/KBV_VS_MIO_LAB_Observation_Status.json	3300	2	0	0	0	0	0	0	0	10	0	0	0	0	1	0	0	0	0	0	37	68	0	0	0	0	0	0
input/vocabulary/KBV_VS_MIO_LAB_Secondary_Status.json	2941	4	0	0	0	0	0	0	0	2	0	0	0	0	0	0	0	0	0	0	33	48	0	0	0	1	0	0
input/vocabulary/KBV_VS_MIO_LAB_Specimen_Collection_Method_SNOMED_CT.json	3150	2	0	0	0	0	0	0	0	142	0	0	0	0	0	0	0	0	0	0	35	288	0	0	0	0	0	5
input/vocabulary/KBV_VS_MIO_LAB_Specimen_Condition.json	4515	3	0	0	0	0	0	0	1	27	0	0	0	0	0	0	0	0	0	0	43	87	0	0	0	0	0	1
input/vocabulary/KBV_VS_MIO_LAB_Specimen_Type_SNOMED_CT.json	2784	2	0	0	0	0	0	0	0	78	0	0	0	0	0	0	0	0	0	0	29	249	0	0	0	1	0	0
input/vocabulary/KBV_VS_MIO_LAB_Type_Diagram.json	4291	2	0	0	0	0	0	0	0	28	0	0	0	0	1	0	0	0	0	0	34	29	0	0	0	0	0	0
/input/includes/labbefund_scenario_Laborbefund_dokumentieren.md	81043	-	-	-	0	0	0	0	0	0	0	0	0	0	0	0	0	0	0	0	0	3	0	0	0	0	0	0
/input/includes/Projektuebersicht.md	5735	-	-	-	0	0	0	0	0	0	0	0	0	0	0	0	0	0	0	0	0	1	0	0	0	0	0	0
/fsh-generated/includes/fsh-link-references.md	13903	-	-	-	0	0	0	0	0	0	0	0	0	0	0	0	0	0	0	0	0	0	0	0	0	0	0	0
/fsh-generated/includes/menu.xml	3278	-	-	-	0	0	0	0	0	0	0	0	0	0	0	0	0	0	0	0	0	0	0	0	0	0	0	0
/input/pagecontent/downloads.md	733	-	-	-	0	0	0	0	0	0	0	0	0	0	0	0	0	0	0	0	0	1	0	0	0	0	0	0
/input/pagecontent/Einzelbefunddarstellung_in_der_Primaersystemansicht.md	2592	-	-	-	0	0	0	0	0	0	0	0	0	0	0	0	0	0	0	0	0	0	0	0	0	0	0	0
/input/pagecontent/infomodell.md	8345	-	-	-	0	0	0	0	0	0	0	0	0	0	0	0	0	0	0	0	1	0	0	0	0	0	0	0
/input/pagecontent/Grundlagen_zur_Terminologienutzung.md	9317	-	-	-	0	0	0	0	0	0	0	0	0	0	0	0	0	0	0	0	0	1	0	0	0	0	0	0
/input/pagecontent/Bedarfsanalyse.md	6000	-	-	-	0	0	0	0	0	0	0	0	0	0	0	0	0	0	0	0	0	0	0	0	0	0	0	0
/input/pagecontent/Feedback.md	3552	-	-	-	0	0	0	0	0	0	0	0	0	0	0	0	0	0	0	0	0	0	0	0	0	0	0	0
/input/pagecontent/requirements.md	171343	-	-	-	0	0	0	0	0	0	0	0	0	0	0	0	0	0	0	0	0	5	0	0	0	0	0	0
/input/pagecontent/expansion_parameters.md	124	-	-	-	0	0	0	0	0	0	0	0	0	0	0	0	0	0	0	0	0	0	0	0	0	0	0	0
/input/pagecontent/Moegliche_Primaersysteminteraktionen_mit_der_ePA.md	2928	-	-	-	0	0	0	0	0	0	0	0	0	0	0	0	0	0	0	0	0	0	0	0	0	0	0	0
/input/pagecontent/UX-_UI-Ueberblick.md	10840	-	-	-	0	0	0	0	0	0	0	0	0	0	0	0	0	0	0	0	0	1	0	0	0	0	0	0
/input/pagecontent/Prozessanalyse.md	30860	-	-	-	0	0	0	0	0	0	0	0	0	0	0	0	0	0	0	0	0	0	0	0	0	0	0	0
/input/pagecontent/Fachliche_Einordnung_und_Nutzen.md	6059	-	-	-	0	0	0	0	0	0	0	0	0	0	0	0	0	0	0	0	0	1	0	0	0	0	0	0
/input/pagecontent/Vorarbeiten.md	12062	-	-	-	0	0	0	0	0	0	0	0	0	0	0	0	0	0	0	0	0	0	0	0	0	0	0	0
/input/pagecontent/Rechtlicher_Rahmen.md	4294	-	-	-	0	0	0	0	0	0	0	0	0	0	0	0	0	0	0	0	0	0	0	0	0	0	0	0
/input/pagecontent/Kumulativdarstellung_in_der_Primaersystemansicht.md	5696	-	-	-	0	0	0	0	0	0	0	0	0	0	0	0	0	0	0	0	0	0	0	0	0	0	0	0
/input/pagecontent/Stakeholder.md	3532	-	-	-	0	0	0	0	0	0	0	0	0	0	0	0	0	0	0	0	0	1	0	0	0	0	0	0
/input/pagecontent/index.md	404	-	-	-	0	0	0	0	0	0	0	0	0	0	0	0	0	0	0	0	0	0	0	0	0	0	0	0
/input/pagecontent/Anwendungsfaelle.md	12466	-	-	-	0	0	0	0	0	0	0	0	0	0	0	0	0	0	0	0	0	0	0	0	0	0	0	0
/input/pagecontent/artifacts.md	2724	-	-	-	0	0	0	0	0	0	0	0	0	0	0	0	0	0	0	0	0	0	0	0	0	0	0	0
/input/pagecontent/copyright.md	34	-	-	-	0	0	0	0	0	0	0	0	0	0	0	0	0	0	0	0	0	0	0	0	0	0	0	0
/template/config	0	-	-	-	0	0	0	0	0	0	0	0	0	0	0	0	0	0	0	0	0	1	0	0	0	0	0	0
/template/config/_config.yml	31	-	-	-	0	0	0	0	0	0	0	0	0	0	0	0	0	0	0	0	0	0	0	0	0	0	0	0
/input/images	0	-	-	-	0	0	0	0	0	0	0	0	0	0	0	0	0	0	0	0	0	0	0	0	0	0	0	0
/input/images/Prozessanalyse_05_Laborbef_Praxis_mit_Eigenlabor_Labor_version_1.jpg	830524	-	-	-	0	0	0	0	0	0	0	0	0	0	0	0	0	0	0	0	0	4	0	0	0	0	0	0
/input/images/Prozessanalyse_71_Laborbef_Patient_beauftragt_Labor_version_1.jpg	769338	-	-	-	0	0	0	0	0	0	0	0	0	0	0	0	0	0	0	0	0	2	0	0	0	0	0	0
/input/images/Prozessanalyse_72_Laborbef_Patient_beauftragt_Labor_version_1.jpg	808778	-	-	-	0	0	0	0	0	0	0	0	0	0	0	0	0	0	0	0	0	4	0	0	0	0	0	0
/input/images/Prozessanalyse_04_Laborbef_Laborgemeinschaft_Labor_version_1.jpg	903580	-	-	-	0	0	0	0	0	0	0	0	0	0	0	0	0	0	0	0	0	4	0	0	0	0	0	0
/input/images/infomodell_js_treeview_labbefund.json	1327668	-	-	-	0	0	0	0	0	0	0	0	0	0	0	0	0	0	0	0	0	5	0	0	0	0	0	0
/input/images/Moegliche_Primaersysteminteraktionen_mit_der_ePA_Titelbild_ePA-Interaktionen_version_1.png	315096	-	-	-	0	0	0	0	0	0	0	0	0	0	0	0	0	0	0	0	0	1	0	0	0	0	0	0
/input/images/Feedback_Kommentierungsvorlage_MIO-Laborbefund_100-update.xlsx	31969	-	-	-	0	0	0	0	0	0	0	0	0	0	0	0	0	0	0	0	0	0	0	0	0	0	0	0
/input/images/UX-_UI-Ueberblick_Frame_1553_version_1.png	344272	-	-	-	0	0	0	0	0	0	0	0	0	0	0	0	0	0	0	0	0	2	0	0	0	0	0	0
/input/images/Prozessanalyse_02_Laborbef_KH_ext_Labor_version_1.jpg	1020456	-	-	-	0	0	0	0	0	0	0	0	0	0	0	0	0	0	0	0	0	5	0	0	0	0	0	0
/input/images/Prozessanalyse_08_Laborbef_Speziallabor_Labor_version_1.jpg	746930	-	-	-	0	0	0	0	0	0	0	0	0	0	0	0	0	0	0	0	0	4	0	0	0	0	0	0
/input/images/Prozessanalyse_01_Laborbef_Praxis_Labor_version_1.jpg	961851	-	-	-	0	0	0	0	0	0	0	0	0	0	0	0	0	0	0	0	0	3	0	0	0	0	0	0
/input/images/UX-_UI-Ueberblick_Frame_1554_1_version_1.png	304305	-	-	-	0	0	0	0	0	0	0	0	0	0	0	0	0	0	0	0	0	1	0	0	0	0	0	0
/input/images/Einzelbefunddarstellung_in_der_Primaersystemansicht_Titelbild_Laborbefund_Anzeige_version_1.png	262105	-	-	-	0	0	0	0	0	0	0	0	0	0	0	0	0	0	0	0	0	1	0	0	0	0	0	0
/input/images/Kumulativdarstellung_in_der_Primaersystemansicht_Titelbild_Kumulativbefund_version_1.png	299451	-	-	-	0	0	0	0	0	0	0	0	0	0	0	0	0	0	0	0	0	2	0	0	0	0	0	0
/input/images/Grundstruktur_Informationsmodell.png	113626	-	-	-	0	0	0	0	0	0	0	0	0	0	0	0	0	0	0	0	0	0	0	0	0	0	0	0
/input/images/Prozessanalyse_06_Laborbef_POCT_Labor_version_1.jpg	722703	-	-	-	0	0	0	0	0	0	0	0	0	0	0	0	0	0	0	0	0	4	0	0	0	0	0	0
/input/images/Grundlagen_zur_Terminologienutzung_Kern-Liste_Zwischenveroeffentlichung_2026-06.xlsx	30788	-	-	-	0	0	0	0	0	0	0	0	0	0	0	0	0	0	0	0	0	0	0	0	0	0	0	0
/input/images/Prozessanalyse_03_Laborbef_KH_Labor_version_1.jpg	932955	-	-	-	0	0	0	0	0	0	0	0	0	0	0	0	0	0	0	0	0	3	0	0	0	0	0	0
/input/images/infomodell-treeview.js	2518	-	-	-	0	0	0	0	0	0	0	0	0	0	0	0	0	0	0	0	0	0	0	0	0	0	0	0
/input/images/Grundstruktur_Informationsmodell.svg	396971	-	-	-	0	0	0	0	0	0	0	0	0	0	0	0	0	0	0	0	0	2	0	0	0	0	0	0
/temp/pages/_includes/artifacts.xml	70358	-	-	-	-	-	-	-	-	-	-	-	-	-	-	-	-	-	-	-	-	1	0	0	0	0	0	0
