"Id","Path","Slice Name","Alias(s)","Label","Min","Max","Must Support?","Is Modifier?","Is Summary?","Type(s)","Short","Definition","Comments","Requirements","Default Value","Meaning When Missing","Fixed Value","Pattern","Example","Minimum Value","Maximum Value","Maximum Length","Binding Strength","Binding Description","Binding Value Set","Code","Slicing Discriminator","Slicing Description","Slicing Ordered","Slicing Rules","Base Path","Base Min","Base Max","Condition(s)","Constraint(s)","Mapping: RIM Mapping","Mapping: FiveWs Pattern Mapping","Mapping: UDI Mapping"
"Device","Device","","","",0,*,"","","","null {[]} {[]}
","Item used in healthcare","In diesem Profil werden Informationen zum Probenbehälter angegeben, z. B. Blutröhrchen, steriler Urinprobenbehälter.","","","","","","","","","",,,,,"",,,,"Device",0,*,"","dom-2:If the resource is contained in another resource, it SHALL NOT contain nested Resources {contained.contained.empty()}
dom-3:If the resource is contained in another resource, it SHALL be referred to from elsewhere in the resource or SHALL refer to the containing resource {contained.where((('#'+id in (%resource.descendants().reference | %resource.descendants().as(canonical) | %resource.descendants().as(uri) | %resource.descendants().as(url))) or descendants().where(reference = '#').exists() or descendants().where(as(canonical) = '#').exists() or descendants().where(as(canonical) = '#').exists()).not()).trace('unmatched', id).empty()}dom-4:If a resource is contained in another resource, it SHALL NOT have a meta.versionId or a meta.lastUpdated {contained.meta.versionId.empty() and contained.meta.lastUpdated.empty()}dom-5:If a resource is contained in another resource, it SHALL NOT have a security label {contained.meta.security.empty()}dom-6:A resource should have narrative for robust management {text.`div`.exists()}","Entity. Role, or Act","Device"
"Device.id","Device.id","","","",0,1,"","","Y","id {[]} {[]}
","Logical id of this artifact","The logical id of the resource, as used in the URL for the resource. Once assigned, this value never changes.","The only time that a resource does not have an id is when it is being submitted to the server using a create operation.","","","","","","","","",,,,,"",,,,"Resource.id",0,1,"",""
"Device.meta","Device.meta","","","",0,1,"Y","","Y","Meta {[]} {[]}
","Metadata about the resource","The metadata about the resource. This is content that is maintained by the infrastructure. Changes to the content might not always be associated with version changes to the resource.","","","","","","","","","",,,,,"",,,,"Resource.meta",0,1,"","ele-1:All FHIR elements must have a @value or children {hasValue() or (children().count() > id.count())}
"
"Device.meta.id","Device.meta.id","","","",0,0,"","","","string {[]} {[]}
","Unique id for inter-element referencing","Unique id for the element within a resource (for internal references). This may be any string value that does not contain spaces.","","","","","","","","","",,,,,"",,,,"Element.id",0,1,"","","n/a"
"Device.meta.extension","Device.meta.extension","","extensions
user content","",0,*,"","","","Extension {[]} {[]}
","Additional content defined by implementations","May be used to represent additional information that is not part of the basic definition of the element. To make the use of extensions safe and manageable, there is a strict set of governance  applied to the definition and use of extensions. Though any implementer can define an extension, there is a set of requirements that SHALL be met as part of the definition of the extension.","There can be no stigma associated with the use of extensions by any application, project, or standard - regardless of the institution or jurisdiction that uses or defines the extensions.  The use of extensions is what allows the FHIR specification to retain a core level of simplicity for everyone.","","","","","","","","",,,,,"","value:url}
","Extensions are always sliced by (at least) url",,"open","Element.extension",0,*,"","ele-1:All FHIR elements must have a @value or children {hasValue() or (children().count() > id.count())}
ext-1:Must have either extensions or value[x], not both {extension.exists() != value.exists()}","n/a"
"Device.meta.versionId","Device.meta.versionId","","","",0,1,"Y","","Y","id {[]} {[]}
","Version specific identifier","The version specific identifier, as it appears in the version portion of the URL. This value changes when the resource is created, updated, or deleted.","The server assigns this value, and ignores what the client specifies, except in the case that the server is imposing version integrity on updates/deletes.","","","","","","","","",,,,,"",,,,"Meta.versionId",0,1,"","ele-1:All FHIR elements must have a @value or children {hasValue() or (children().count() > id.count())}
"
"Device.meta.lastUpdated","Device.meta.lastUpdated","","","",0,1,"Y","","Y","instant {[]} {[]}
","When the resource version last changed","When the resource last changed - e.g. when the version changed.","This value is always populated except when the resource is first being created. The server / resource manager sets this value; what a client provides is irrelevant. This is equivalent to the HTTP Last-Modified and SHOULD have the same value on a [read](http://hl7.org/fhir/R4/http.html#read) interaction.","","","","","","","","",,,,,"",,,,"Meta.lastUpdated",0,1,"","ele-1:All FHIR elements must have a @value or children {hasValue() or (children().count() > id.count())}
"
"Device.meta.source","Device.meta.source","","","",0,0,"","","Y","uri {[]} {[]}
","Identifies where the resource comes from","A uri that identifies the source system of the resource. This provides a minimal amount of [Provenance](http://hl7.org/fhir/R4/provenance.html#) information that can be used to track or differentiate the source of information in the resource. The source may identify another FHIR server, document, message, database, etc.","In the provenance resource, this corresponds to Provenance.entity.what[x]. The exact use of the source (and the implied Provenance.entity.role) is left to implementer discretion. Only one nominated source is allowed; for additional provenance details, a full Provenance resource should be used. 

This element can be used to indicate where the current master source of a resource that has a canonical URL if the resource is no longer hosted at the canonical URL.","","","","","","","","",,,,,"",,,,"Meta.source",0,1,"","ele-1:All FHIR elements must have a @value or children {hasValue() or (children().count() > id.count())}
"
"Device.meta.profile","Device.meta.profile","","","",0,*,"","","Y","canonical {[]} {[CanonicalType[http://hl7.org/fhir/StructureDefinition/StructureDefinition|4.0.1]]}
","Profiles this resource claims to conform to","A list of profiles (references to [StructureDefinition](http://hl7.org/fhir/R4/structuredefinition.html#) resources) that this resource claims to conform to. The URL is a reference to [StructureDefinition.url](http://hl7.org/fhir/R4/structuredefinition-definitions.html#StructureDefinition.url).","It is up to the server and/or other infrastructure of policy to determine whether/how these claims are verified and/or updated over time.  The list of profile URLs is a set.","","","","","","","","",,,,,"",,,,"Meta.profile",0,*,"","ele-1:All FHIR elements must have a @value or children {hasValue() or (children().count() > id.count())}
"
"Device.meta.security","Device.meta.security","","","",0,*,"","","Y","Coding {[]} {[]}
","Security Labels applied to this resource","Security labels applied to this resource. These tags connect specific resources to the overall security policy and infrastructure.","The security labels can be updated without changing the stated version of the resource. The list of security labels is a set. Uniqueness is based the system/code, and version and display are ignored.","","","","","","","","",,"extensible","Security Labels from the Healthcare Privacy and Security Classification System.","http://hl7.org/fhir/ValueSet/security-labels|4.0.1","",,,,"Meta.security",0,*,"","ele-1:All FHIR elements must have a @value or children {hasValue() or (children().count() > id.count())}
"
"Device.meta.tag","Device.meta.tag","","","",0,*,"","","Y","Coding {[]} {[]}
","Tags applied to this resource","Tags applied to this resource. Tags are intended to be used to identify and relate resources to process and workflow, and applications are not required to consider the tags when interpreting the meaning of a resource.","The tags can be updated without changing the stated version of the resource. The list of tags is a set. Uniqueness is based the system/code, and version and display are ignored.","","","","","","","","",,"example","Codes that represent various types of tags, commonly workflow-related; e.g. ""Needs review by Dr. Jones"".","http://hl7.org/fhir/ValueSet/common-tags|4.0.1","",,,,"Meta.tag",0,*,"","ele-1:All FHIR elements must have a @value or children {hasValue() or (children().count() > id.count())}
"
"Device.implicitRules","Device.implicitRules","","","",0,0,"","Y","Y","uri {[]} {[]}
","A set of rules under which this content was created","A reference to a set of rules that were followed when the resource was constructed, and which must be understood when processing the content. Often, this is a reference to an implementation guide that defines the special rules along with other profiles etc.","Asserting this rule set restricts the content to be only understood by a limited set of trading partners. This inherently limits the usefulness of the data in the long term. However, the existing health eco-system is highly fractured, and not yet ready to define, collect, and exchange data in a generally computable sense. Wherever possible, implementers and/or specification writers should avoid using this element. Often, when used, the URL is a reference to an implementation guide that defines these special rules as part of it's narrative along with other profiles, value sets, etc.","","","","","","","","",,,,,"",,,,"Resource.implicitRules",0,1,"","ele-1:All FHIR elements must have a @value or children {hasValue() or (children().count() > id.count())}
"
"Device.language","Device.language","","","",0,0,"","","","code {[]} {[]}
","Language of the resource content","The base language in which the resource is written.","Language is provided to support indexing and accessibility (typically, services such as text to speech use the language tag). The html language tag in the narrative applies  to the narrative. The language tag on the resource may be used to specify the language of other presentations generated from the data in the resource. Not all the content has to be in the base language. The Resource.language should not be assumed to apply to the narrative automatically. If a language is specified, it should it also be specified on the div element in the html (see rules in HTML5 for information about the relationship between xml:lang and the html lang attribute).","","","","","","","","",,"preferred","A human language.","http://hl7.org/fhir/ValueSet/languages|4.0.1","",,,,"Resource.language",0,1,"","ele-1:All FHIR elements must have a @value or children {hasValue() or (children().count() > id.count())}
"
"Device.text","Device.text","","narrative
htmlxhtmldisplay","",0,1,"","","","Narrative {[]} {[]}
","Text summary of the resource, for human interpretation","A human-readable narrative that contains a summary of the resource and can be used to represent the content of the resource to a human. The narrative need not encode all the structured data, but is required to contain sufficient detail to make it ""clinically safe"" for a human to just read the narrative. Resource definitions may define what content should be represented in the narrative to ensure clinical safety.","Contained resources do not have narrative. Resources that are not contained SHOULD have a narrative. In some cases, a resource may only have text with little or no additional discrete data (as long as all minOccurs=1 elements are satisfied).  This may be necessary for data from legacy systems where information is captured as a ""text blob"" or where text is additionally entered raw or narrated and encoded information is added later.","","","","","","","","",,,,,"",,,,"DomainResource.text",0,1,"","ele-1:All FHIR elements must have a @value or children {hasValue() or (children().count() > id.count())}
","Act.text?"
"Device.text.id","Device.text.id","","","",0,1,"","","","string {[]} {[]}
","Unique id for inter-element referencing","Unique id for the element within a resource (for internal references). This may be any string value that does not contain spaces.","","","","","","","","","",,,,,"",,,,"Element.id",0,1,"","","n/a"
"Device.text.extension","Device.text.extension","","extensions
user content","",0,*,"","","","Extension {[]} {[]}
","Additional content defined by implementations","May be used to represent additional information that is not part of the basic definition of the element. To make the use of extensions safe and manageable, there is a strict set of governance  applied to the definition and use of extensions. Though any implementer can define an extension, there is a set of requirements that SHALL be met as part of the definition of the extension.","There can be no stigma associated with the use of extensions by any application, project, or standard - regardless of the institution or jurisdiction that uses or defines the extensions.  The use of extensions is what allows the FHIR specification to retain a core level of simplicity for everyone.","","","","","","","","",,,,,"","value:url}
","Extensions are always sliced by (at least) url",,"open","Element.extension",0,*,"","ele-1:All FHIR elements must have a @value or children {hasValue() or (children().count() > id.count())}
ext-1:Must have either extensions or value[x], not both {extension.exists() != value.exists()}","n/a"
"Device.text.status","Device.text.status","","","",1,1,"","","","code {[]} {[]}
","generated | extensions | additional | empty","The status of the narrative - whether it's entirely generated (from just the defined data or the extensions too), or whether a human authored it and it may contain additional data.","","","","","","<valueCode xmlns=""http://hl7.org/fhir"" value=""extensions""/>","","","",,"required","The status of a resource narrative.","http://hl7.org/fhir/ValueSet/narrative-status|4.0.1","",,,,"Narrative.status",1,1,"","ele-1:All FHIR elements must have a @value or children {hasValue() or (children().count() > id.count())}
","N/A"
"Device.text.div","Device.text.div","","","",1,1,"","","","xhtml {[]} {[]}
","Limited xhtml content","The actual narrative content, a stripped down version of XHTML.","The contents of the html element are an XHTML fragment containing only the basic html formatting elements described in chapters 7-11 and 15 of the HTML 4.0 standard, <a> elements (either name or href), images and internally contained stylesheets. The XHTML content SHALL NOT contain a head, a body, external stylesheet references, scripts, forms, base/link/xlink, frames, iframes and objects.","","","","","","","","",,,,,"",,,,"Narrative.div",1,1,"","ele-1:All FHIR elements must have a @value or children {hasValue() or (children().count() > id.count())}
txt-1:The narrative SHALL contain only the basic html formatting elements and attributes described in chapters 7-11 (except section 4 of chapter 9) and 15 of the HTML 4.0 standard, <a> elements (either name or href), images and internally contained style attributes {htmlChecks()}txt-2:The narrative SHALL have some non-whitespace content {htmlChecks()}","N/A"
"Device.contained","Device.contained","","inline resources
anonymous resourcescontained resources","",0,0,"","","","Resource {[]} {[]}
","Contained, inline Resources","These resources do not have an independent existence apart from the resource that contains them - they cannot be identified independently, and nor can they have their own independent transaction scope.","This should never be done when the content can be identified properly, as once identification is lost, it is extremely difficult (and context dependent) to restore it again. Contained resources may have profiles and tags In their meta elements, but SHALL NOT have security labels.","","","","","","","","",,,,,"",,,,"DomainResource.contained",0,*,"","","N/A"
"Device.extension","Device.extension","","extensions
user content","",0,*,"","","","Extension {[]} {[]}
","Additional content defined by implementations","May be used to represent additional information that is not part of the basic definition of the resource. To make the use of extensions safe and manageable, there is a strict set of governance  applied to the definition and use of extensions. Though any implementer can define an extension, there is a set of requirements that SHALL be met as part of the definition of the extension.","There can be no stigma associated with the use of extensions by any application, project, or standard - regardless of the institution or jurisdiction that uses or defines the extensions.  The use of extensions is what allows the FHIR specification to retain a core level of simplicity for everyone.","","","","","","","","",,,,,"",,,,"DomainResource.extension",0,*,"","ele-1:All FHIR elements must have a @value or children {hasValue() or (children().count() > id.count())}
ext-1:Must have either extensions or value[x], not both {extension.exists() != value.exists()}","N/A"
"Device.modifierExtension","Device.modifierExtension","","extensions
user content","",0,*,"","Y","","Extension {[]} {[]}
","Extensions that cannot be ignored","May be used to represent additional information that is not part of the basic definition of the resource and that modifies the understanding of the element that contains it and/or the understanding of the containing element's descendants. Usually modifier elements provide negation or qualification. To make the use of extensions safe and manageable, there is a strict set of governance applied to the definition and use of extensions. Though any implementer is allowed to define an extension, there is a set of requirements that SHALL be met as part of the definition of the extension. Applications processing a resource are required to check for modifier extensions.

Modifier extensions SHALL NOT change the meaning of any elements on Resource or DomainResource (including cannot change the meaning of modifierExtension itself).","There can be no stigma associated with the use of extensions by any application, project, or standard - regardless of the institution or jurisdiction that uses or defines the extensions.  The use of extensions is what allows the FHIR specification to retain a core level of simplicity for everyone.","Modifier extensions allow for extensions that *cannot* be safely ignored to be clearly distinguished from the vast majority of extensions which can be safely ignored.  This promotes interoperability by eliminating the need for implementers to prohibit the presence of extensions. For further information, see the [definition of modifier extensions](http://hl7.org/fhir/R4/extensibility.html#modifierExtension).","","","","","","","",,,,,"",,,,"DomainResource.modifierExtension",0,*,"","ele-1:All FHIR elements must have a @value or children {hasValue() or (children().count() > id.count())}
ext-1:Must have either extensions or value[x], not both {extension.exists() != value.exists()}","N/A"
"Device.identifier","Device.identifier","","","",0,*,"Y","","","Identifier {[]} {[]}
","Identifikator des Probenbehälters","Identifikator des Probenbehälters. Hier werden eineindeutige Produktnummern angegeben. Diese stellen einen eineindeutigen (Bijektiven) Identifier dar.

  Es kann mehrere geben, z.B. einen Strichcode des Herstellers, eine vom Labor zugewiesene Kennung usw. Der Behälter-Identifikator kann sich ggf. vom Proben-Identifikator unterscheiden. Auch Teilmengen des Untersuchungsmaterials müssen eindeutig einem/r Patient:in zuzuordnen sein.

  Der Sachverhalt, dass es zu einem Untersuchungsmaterial Teilmengen geben kann, wird im Datenmodell berücksichtigt, indem es sowohl die ""Identifikation Probe Einsender"" (Specimen.identifier 1..*) gibt, als auch für mögliche Teilmengen daraus die ""Probenbehälter-ID"" (Device_Specimen_Container.identifier 0..*).","The barcode string from a barcode present on a device label or package may identify the instance, include names given to the device in local usage, or may identify the type of device. If the identifier identifies the type of device, Device.type element should be used.","","","","","","","","",,,,,"",,,,"Device.identifier",0,*,"","ele-1:All FHIR elements must have a @value or children {hasValue() or (children().count() > id.count())}
",".id","FiveWs.identifier","The serial number which is a component of the production identifier (PI), a conditional, variable portion of a UDI.   The identifier.type code should be set to “SNO”(Serial Number) and the system left empty."
"Device.identifier.id","Device.identifier.id","","","",0,1,"","","","string {[]} {[]}
","Unique id for inter-element referencing","Unique id for the element within a resource (for internal references). This may be any string value that does not contain spaces.","","","","","","","","","",,,,,"",,,,"Element.id",0,1,"","","n/a"
"Device.identifier.extension","Device.identifier.extension","","extensions
user content","",0,*,"","","","Extension {[]} {[]}
","Additional content defined by implementations","May be used to represent additional information that is not part of the basic definition of the element. To make the use of extensions safe and manageable, there is a strict set of governance  applied to the definition and use of extensions. Though any implementer can define an extension, there is a set of requirements that SHALL be met as part of the definition of the extension.","There can be no stigma associated with the use of extensions by any application, project, or standard - regardless of the institution or jurisdiction that uses or defines the extensions.  The use of extensions is what allows the FHIR specification to retain a core level of simplicity for everyone.","","","","","","","","",,,,,"","value:url}
","Extensions are always sliced by (at least) url",,"open","Element.extension",0,*,"","ele-1:All FHIR elements must have a @value or children {hasValue() or (children().count() > id.count())}
ext-1:Must have either extensions or value[x], not both {extension.exists() != value.exists()}","n/a"
"Device.identifier.use","Device.identifier.use","","","",0,1,"","Y","Y","code {[]} {[]}
","usual | official | temp | secondary | old (If known)","The purpose of this identifier.","Applications can assume that an identifier is permanent unless it explicitly says that it is temporary.","Allows the appropriate identifier for a particular context of use to be selected from among a set of identifiers.","","","","","","","",,"required","Identifies the purpose for this identifier, if known .","http://hl7.org/fhir/ValueSet/identifier-use|4.0.1","",,,,"Identifier.use",0,1,"","ele-1:All FHIR elements must have a @value or children {hasValue() or (children().count() > id.count())}
","Role.code or implied by context"
"Device.identifier.type","Device.identifier.type","","","",0,1,"Y","","Y","CodeableConcept {[]} {[]}
","Description of identifier","A coded type for the identifier that can be used to determine which identifier to use for a specific purpose.","This element deals only with general categories of identifiers.  It SHOULD not be used for codes that correspond 1..1 with the Identifier.system. Some identifiers may fall into multiple categories due to common usage.   Where the system is known, a type is unnecessary because the type is always part of the system definition. However systems often need to handle identifiers where the system is not known. There is not a 1:1 relationship between type and system, since many different systems have the same type.","Allows users to make use of identifiers when the identifier system is not known.","","","","","","","",,"extensible","A coded type for an identifier that can be used to determine which identifier to use for a specific purpose.","http://hl7.org/fhir/ValueSet/identifier-type|4.0.1","",,,,"Identifier.type",0,1,"","ele-1:All FHIR elements must have a @value or children {hasValue() or (children().count() > id.count())}
","Role.code or implied by context"
"Device.identifier.system","Device.identifier.system","","","",0,1,"","","Y","uri {[]} {[]}
","The namespace for the identifier value","Establishes the namespace for the value - that is, a URL that describes a set values that are unique.","Identifier.system is always case sensitive.","There are many sets  of identifiers.  To perform matching of two identifiers, we need to know what set we're dealing with. The system identifies a particular set of unique identifiers.","","","","","<valueUri xmlns=""http://hl7.org/fhir"" value=""http://www.acme.com/identifiers/patient""/>","","",,,,,"",,,,"Identifier.system",0,1,"","ele-1:All FHIR elements must have a @value or children {hasValue() or (children().count() > id.count())}
","II.root or Role.id.root"
"Device.identifier.value","Device.identifier.value","","","",0,1,"Y","","Y","string {[]} {[]}
","The value that is unique","The portion of the identifier typically relevant to the user and which is unique within the context of the system.","If the value is a full URI, then the system SHALL be urn:ietf:rfc:3986.  The value's primary purpose is computational mapping.  As a result, it may be normalized for comparison purposes (e.g. removing non-significant whitespace, dashes, etc.)  A value formatted for human display can be conveyed using the [Rendered Value extension](http://hl7.org/fhir/R4/extension-rendered-value.html). Identifier.value is to be treated as case sensitive unless knowledge of the Identifier.system allows the processer to be confident that non-case-sensitive processing is safe.","","","","","","<valueString xmlns=""http://hl7.org/fhir"" value=""123456""/>","","",,,,,"",,,,"Identifier.value",0,1,"","ele-1:All FHIR elements must have a @value or children {hasValue() or (children().count() > id.count())}
","II.extension or II.root if system indicates OID or GUID (Or Role.id.extension or root)"
"Device.identifier.period","Device.identifier.period","","","",0,0,"","","Y","Period {[]} {[]}
","Time period when id is/was valid for use","Time period during which identifier is/was valid for use.","","","","","","","","","",,,,,"",,,,"Identifier.period",0,1,"","ele-1:All FHIR elements must have a @value or children {hasValue() or (children().count() > id.count())}
","Role.effectiveTime or implied by context"
"Device.identifier.assigner","Device.identifier.assigner","","","",0,0,"","","Y","Reference {[]} {[CanonicalType[http://hl7.org/fhir/StructureDefinition/Organization|4.0.1]]}
","Organization that issued id (may be just text)","Organization that issued/manages the identifier.","The Identifier.assigner may omit the .reference element and only contain a .display element reflecting the name or other textual information about the assigning organization.","","","","","","","","",,,,,"",,,,"Identifier.assigner",0,1,"","ele-1:All FHIR elements must have a @value or children {hasValue() or (children().count() > id.count())}
","II.assigningAuthorityName but note that this is an improper use by the definition of the field.  Also Role.scoper"
"Device.definition","Device.definition","","","",1,1,"Y","","","Reference {[]} {[CanonicalType[https://fhir.kbv.de/StructureDefinition/KBV_PR_MIO_LAB_DeviceDefinition_Specimen_Container|1.0.0-update]]}
","The reference to the definition for the device","In diesem Element wird die DeviceDefinition für die Kategorisierung als Probenbehälters referenziert.","","","","","","","","","",,,,,"",,,,"Device.definition",0,1,"","ele-1:All FHIR elements must have a @value or children {hasValue() or (children().count() > id.count())}
"
"Device.definition.id","Device.definition.id","","","",0,1,"","","","string {[]} {[]}
","Unique id for inter-element referencing","Unique id for the element within a resource (for internal references). This may be any string value that does not contain spaces.","","","","","","","","","",,,,,"",,,,"Element.id",0,1,"","","n/a"
"Device.definition.extension","Device.definition.extension","","extensions
user content","",0,*,"","","","Extension {[]} {[]}
","Additional content defined by implementations","May be used to represent additional information that is not part of the basic definition of the element. To make the use of extensions safe and manageable, there is a strict set of governance  applied to the definition and use of extensions. Though any implementer can define an extension, there is a set of requirements that SHALL be met as part of the definition of the extension.","There can be no stigma associated with the use of extensions by any application, project, or standard - regardless of the institution or jurisdiction that uses or defines the extensions.  The use of extensions is what allows the FHIR specification to retain a core level of simplicity for everyone.","","","","","","","","",,,,,"","value:url}
","Extensions are always sliced by (at least) url",,"open","Element.extension",0,*,"","ele-1:All FHIR elements must have a @value or children {hasValue() or (children().count() > id.count())}
ext-1:Must have either extensions or value[x], not both {extension.exists() != value.exists()}","n/a"
"Device.definition.reference","Device.definition.reference","","","",1,1,"Y","","Y","string {[]} {[]}
","Literal reference, Relative, internal or absolute URL","A reference to a location at which the other resource is found. The reference may be a relative reference, in which case it is relative to the service base URL, or an absolute URL that resolves to the location where the resource is found. The reference may be version specific or not. If the reference is not to a FHIR RESTful server, then it should be assumed to be version specific. Internal fragment references (start with '#') refer to contained resources.","Using absolute URLs provides a stable scalable approach suitable for a cloud/web context, while using relative/logical references provides a flexible approach suitable for use when trading across closed eco-system boundaries.   Absolute URLs do not need to point to a FHIR RESTful server, though this is the preferred approach. If the URL conforms to the structure ""/[type]/[id]"" then it should be assumed that the reference is to a FHIR RESTful server.","","","","","","","","",,,,,"",,,,"Reference.reference",0,1,"ref-1
","ele-1:All FHIR elements must have a @value or children {hasValue() or (children().count() > id.count())}
","N/A"
"Device.definition.type","Device.definition.type","","","",0,0,"","","Y","uri {[]} {[]}
","Type the reference refers to (e.g. ""Patient"")","The expected type of the target of the reference. If both Reference.type and Reference.reference are populated and Reference.reference is a FHIR URL, both SHALL be consistent.

The type is the Canonical URL of Resource Definition that is the type this reference refers to. References are URLs that are relative to http://hl7.org/fhir/StructureDefinition/ e.g. ""Patient"" is a reference to http://hl7.org/fhir/StructureDefinition/Patient. Absolute URLs are only allowed for logical models (and can only be used in references in logical models, not resources).","This element is used to indicate the type of  the target of the reference. This may be used which ever of the other elements are populated (or not). In some cases, the type of the target may be determined by inspection of the reference (e.g. a RESTful URL) or by resolving the target of the reference; if both the type and a reference is provided, the reference SHALL resolve to a resource of the same type as that specified.","","","","","","","","",,"extensible","Aa resource (or, for logical models, the URI of the logical model).","http://hl7.org/fhir/ValueSet/resource-types|4.0.1","",,,,"Reference.type",0,1,"","ele-1:All FHIR elements must have a @value or children {hasValue() or (children().count() > id.count())}
","N/A"
"Device.definition.identifier","Device.definition.identifier","","","",0,0,"","","Y","Identifier {[]} {[]}
","Logical reference, when literal reference is not known","An identifier for the target resource. This is used when there is no way to reference the other resource directly, either because the entity it represents is not available through a FHIR server, or because there is no way for the author of the resource to convert a known identifier to an actual location. There is no requirement that a Reference.identifier point to something that is actually exposed as a FHIR instance, but it SHALL point to a business concept that would be expected to be exposed as a FHIR instance, and that instance would need to be of a FHIR resource type allowed by the reference.","When an identifier is provided in place of a reference, any system processing the reference will only be able to resolve the identifier to a reference if it understands the business context in which the identifier is used. Sometimes this is global (e.g. a national identifier) but often it is not. For this reason, none of the useful mechanisms described for working with references (e.g. chaining, includes) are possible, nor should servers be expected to be able resolve the reference. Servers may accept an identifier based reference untouched, resolve it, and/or reject it - see CapabilityStatement.rest.resource.referencePolicy. 

When both an identifier and a literal reference are provided, the literal reference is preferred. Applications processing the resource are allowed - but not required - to check that the identifier matches the literal reference

Applications converting a logical reference to a literal reference may choose to leave the logical reference present, or remove it.

Reference is intended to point to a structure that can potentially be expressed as a FHIR resource, though there is no need for it to exist as an actual FHIR resource instance - except in as much as an application wishes to actual find the target of the reference. The content referred to be the identifier must meet the logical constraints implied by any limitations on what resource types are permitted for the reference.  For example, it would not be legitimate to send the identifier for a drug prescription if the type were Reference(Observation|DiagnosticReport).  One of the use-cases for Reference.identifier is the situation where no FHIR representation exists (where the type is Reference (Any).","","","","","","","","",,,,,"",,,,"Reference.identifier",0,1,"","ele-1:All FHIR elements must have a @value or children {hasValue() or (children().count() > id.count())}
",".identifier"
"Device.definition.display","Device.definition.display","","","",0,0,"","","Y","string {[]} {[]}
","Text alternative for the resource","Plain text narrative that identifies the resource in addition to the resource reference.","This is generally not the same as the Resource.text of the referenced resource.  The purpose is to identify what's being referenced, not to fully describe it.","","","","","","","","",,,,,"",,,,"Reference.display",0,1,"","ele-1:All FHIR elements must have a @value or children {hasValue() or (children().count() > id.count())}
","N/A"
"Device.udiCarrier","Device.udiCarrier","","","",0,1,"Y","","Y","BackboneElement {[]} {[]}
","Unique Device Identifier (UDI) Barcode string","UDI-DI ist der ""Device Identifier"". Es ist der statische Teil der UDI. Er enthält die Kennung der gewählten Zuteilungsstelle, die Kennung des Herstellers / Etikettierers, den Referenzcode des Produkts und kann auch eine Kennzeichnung für eine bestimmte Verpackungsebene enthalten.","UDI may identify an unique instance of a device, or it may only identify the type of the device.  See [UDI mappings](http://hl7.org/fhir/R4/device-mappings.html#udi) for a complete mapping of UDI parts to Device.","","","","","","","","",,,,,"",,,,"Device.udiCarrier",0,*,"","ele-1:All FHIR elements must have a @value or children {hasValue() or (children().count() > id.count())}
",".id and .code","FiveWs.identifier"
"Device.udiCarrier.id","Device.udiCarrier.id","","","",0,1,"","","","string {[]} {[]}
","Unique id for inter-element referencing","Unique id for the element within a resource (for internal references). This may be any string value that does not contain spaces.","","","","","","","","","",,,,,"",,,,"Element.id",0,1,"","","n/a"
"Device.udiCarrier.extension","Device.udiCarrier.extension","","extensions
user content","",0,*,"","","","Extension {[]} {[]}
","Additional content defined by implementations","May be used to represent additional information that is not part of the basic definition of the element. To make the use of extensions safe and manageable, there is a strict set of governance  applied to the definition and use of extensions. Though any implementer can define an extension, there is a set of requirements that SHALL be met as part of the definition of the extension.","There can be no stigma associated with the use of extensions by any application, project, or standard - regardless of the institution or jurisdiction that uses or defines the extensions.  The use of extensions is what allows the FHIR specification to retain a core level of simplicity for everyone.","","","","","","","","",,,,,"",,,,"Element.extension",0,*,"","ele-1:All FHIR elements must have a @value or children {hasValue() or (children().count() > id.count())}
ext-1:Must have either extensions or value[x], not both {extension.exists() != value.exists()}","n/a"
"Device.udiCarrier.modifierExtension","Device.udiCarrier.modifierExtension","","extensions
user contentmodifiers","",0,*,"","Y","Y","Extension {[]} {[]}
","Extensions that cannot be ignored even if unrecognized","May be used to represent additional information that is not part of the basic definition of the element and that modifies the understanding of the element in which it is contained and/or the understanding of the containing element's descendants. Usually modifier elements provide negation or qualification. To make the use of extensions safe and manageable, there is a strict set of governance applied to the definition and use of extensions. Though any implementer can define an extension, there is a set of requirements that SHALL be met as part of the definition of the extension. Applications processing a resource are required to check for modifier extensions.

Modifier extensions SHALL NOT change the meaning of any elements on Resource or DomainResource (including cannot change the meaning of modifierExtension itself).","There can be no stigma associated with the use of extensions by any application, project, or standard - regardless of the institution or jurisdiction that uses or defines the extensions.  The use of extensions is what allows the FHIR specification to retain a core level of simplicity for everyone.","Modifier extensions allow for extensions that *cannot* be safely ignored to be clearly distinguished from the vast majority of extensions which can be safely ignored.  This promotes interoperability by eliminating the need for implementers to prohibit the presence of extensions. For further information, see the [definition of modifier extensions](http://hl7.org/fhir/R4/extensibility.html#modifierExtension).","","","","","","","",,,,,"",,,,"BackboneElement.modifierExtension",0,*,"","ele-1:All FHIR elements must have a @value or children {hasValue() or (children().count() > id.count())}
ext-1:Must have either extensions or value[x], not both {extension.exists() != value.exists()}","N/A"
"Device.udiCarrier.deviceIdentifier","Device.udiCarrier.deviceIdentifier","","DI
","",1,1,"Y","","Y","string {[]} {[]}
","Mandatory fixed portion of UDI","The device identifier (DI) is a mandatory, fixed portion of a UDI that identifies the labeler and the specific version or model of a device.","","","","","","","","","",,,,,"",,,,"Device.udiCarrier.deviceIdentifier",0,1,"","ele-1:All FHIR elements must have a @value or children {hasValue() or (children().count() > id.count())}
","Role.id.extension","FiveWs.what[x]","The device identifier (DI), a mandatory, fixed portion of a UDI that identifies the labeler and the specific version or model of a device."
"Device.udiCarrier.issuer","Device.udiCarrier.issuer","","Barcode System
","",0,0,"","","","uri {[]} {[]}
","UDI Issuing Organization","Organization that is charged with issuing UDIs for devices.  For example, the US FDA issuers include :
1) GS1: 
http://hl7.org/fhir/NamingSystem/gs1-di, 
2) HIBCC:
http://hl7.org/fhir/NamingSystem/hibcc-dI, 
3) ICCBBA for blood containers:
http://hl7.org/fhir/NamingSystem/iccbba-blood-di, 
4) ICCBA for other devices:
http://hl7.org/fhir/NamingSystem/iccbba-other-di.","","","","","","","","","",,,,,"",,,,"Device.udiCarrier.issuer",0,1,"","ele-1:All FHIR elements must have a @value or children {hasValue() or (children().count() > id.count())}
","Role.id.root","All UDIs are to be issued under a system operated by an Jurisdiction-accredited issuing agency.
GS1 DIs: 
 http://hl7.org/fhir/NamingSystem/gs1
HIBCC DIs:
 http://hl7.org/fhir/NamingSystem/hibcc
ICCBBA DIs for blood containers:
 http://hl7.org/fhir/NamingSystem/iccbba-blood
ICCBA DIs for other devices:
 http://hl7.org/fhir/NamingSystem/iccbba-other"
"Device.udiCarrier.jurisdiction","Device.udiCarrier.jurisdiction","","","",0,0,"","","","uri {[]} {[]}
","Regional UDI authority","The identity of the authoritative source for UDI generation within a  jurisdiction.  All UDIs are globally unique within a single namespace with the appropriate repository uri as the system.  For example,  UDIs of devices managed in the U.S. by the FDA, the value is  http://hl7.org/fhir/NamingSystem/fda-udi.","","Allows a recipient of a UDI to know which database will contain the UDI-associated metadata.","","","","","","","",,,,,"",,,,"Device.udiCarrier.jurisdiction",0,1,"","ele-1:All FHIR elements must have a @value or children {hasValue() or (children().count() > id.count())}
","Role.scoper"
"Device.udiCarrier.carrierAIDC","Device.udiCarrier.carrierAIDC","","Automatic Identification and Data Capture
","",0,0,"","","Y","base64Binary {[]} {[]}
","UDI Machine Readable Barcode String","The full UDI carrier of the Automatic Identification and Data Capture (AIDC) technology representation of the barcode string as printed on the packaging of the device - e.g., a barcode or RFID.   Because of limitations on character sets in XML and the need to round-trip JSON data through XML, AIDC Formats *SHALL* be base64 encoded.","The AIDC form of UDIs should be scanned or otherwise used for the identification of the device whenever possible to minimize errors in records resulting from manual transcriptions. If separate barcodes for DI and PI are present, concatenate the string with DI first and in order of human readable expression on label.","","","","","","","","",,,,,"",,,,"Device.udiCarrier.carrierAIDC",0,1,"","ele-1:All FHIR elements must have a @value or children {hasValue() or (children().count() > id.count())}
","Role.id.extension","A unique device identifier (UDI) on a device label a form that uses automatic identification and data capture (AIDC) technology."
"Device.udiCarrier.carrierHRF","Device.udiCarrier.carrierHRF","","Human Readable Form
","",0,0,"","","Y","string {[]} {[]}
","UDI Human Readable Barcode String","The full UDI carrier as the human readable form (HRF) representation of the barcode string as printed on the packaging of the device.","If separate barcodes for DI and PI are present, concatenate the string with DI first and in order of human readable expression on label.","","","","","","","","",,,,,"",,,,"Device.udiCarrier.carrierHRF",0,1,"","ele-1:All FHIR elements must have a @value or children {hasValue() or (children().count() > id.count())}
","Role.id.extension","A unique device identifier (UDI) on a device label in plain text"
"Device.udiCarrier.entryType","Device.udiCarrier.entryType","","","",0,0,"","","","code {[]} {[]}
","barcode | rfid | manual +","A coded entry to indicate how the data was entered.","","Supports a way to distinguish hand entered from machine read data.","","","","","","","",,"required","Codes to identify how UDI data was entered.","http://hl7.org/fhir/ValueSet/udi-entry-type|4.0.1","",,,,"Device.udiCarrier.entryType",0,1,"","ele-1:All FHIR elements must have a @value or children {hasValue() or (children().count() > id.count())}
","NA"
"Device.status","Device.status","","","",0,0,"","Y","Y","code {[]} {[]}
","active | inactive | entered-in-error | unknown","Status of the Device availability.","This element is labeled as a modifier because the status contains the codes inactive and entered-in-error that mark the device (record)as not currently valid.","","","","","","","","",,"required","The availability status of the device.","http://hl7.org/fhir/ValueSet/device-status|4.0.1","",,,,"Device.status",0,1,"","ele-1:All FHIR elements must have a @value or children {hasValue() or (children().count() > id.count())}
",".statusCode","FiveWs.status"
"Device.statusReason","Device.statusReason","","","",0,0,"","","","CodeableConcept {[]} {[]}
","online | paused | standby | offline | not-ready | transduc-discon | hw-discon | off","Reason for the dtatus of the Device availability.","","","","","","","","","",,"extensible","The availability status reason of the device.","http://hl7.org/fhir/ValueSet/device-status-reason|4.0.1","",,,,"Device.statusReason",0,*,"","ele-1:All FHIR elements must have a @value or children {hasValue() or (children().count() > id.count())}
","FiveWs.status"
"Device.distinctIdentifier","Device.distinctIdentifier","","Distinct Identification Code (DIC)
","",0,1,"Y","","","string {[]} {[]}
","The distinct identification string","Teil der UDI-PI","For example, this applies to devices in the United States regulated under *Code of Federal Regulation 21CFR§1271.290(c)*.","","","","","","","","",,,,,"",,,,"Device.distinctIdentifier",0,1,"","ele-1:All FHIR elements must have a @value or children {hasValue() or (children().count() > id.count())}
",".lotNumberText","FiveWs.what[x]","The lot or batch number within which a device was manufactured - which is a component of the production identifier (PI), a conditional, variable portion of a UDI."
"Device.manufacturer","Device.manufacturer","","","",0,0,"","","","string {[]} {[]}
","Name of device manufacturer","A name of the manufacturer.","","","","","","","","","",,,,,"",,,,"Device.manufacturer",0,1,"","ele-1:All FHIR elements must have a @value or children {hasValue() or (children().count() > id.count())}
",".playedRole[typeCode=MANU].scoper.name","FiveWs.what[x]","N/A"
"Device.manufactureDate","Device.manufactureDate","","","",0,1,"Y","","","dateTime {[]} {[]}
","Date when the device was made","Herstellungsdatum des Produktes","","","","","","","","","",,,,,"",,,,"Device.manufactureDate",0,1,"","ele-1:All FHIR elements must have a @value or children {hasValue() or (children().count() > id.count())}
",".existenceTime.low","FiveWs.what[x]","The date a specific device was manufactured - which is a component of the production identifier (PI), a conditional, variable portion of a UDI.  For FHIR, The datetime syntax must converted to YYYY-MM-DD[THH:MM:SS].  If hour is present, the minutes and seconds should both be set to “00”."
"Device.expirationDate","Device.expirationDate","","","",0,1,"Y","","","dateTime {[]} {[]}
","Date and time of expiry of this device (if applicable)","Verfallsdatum  des Produktes","","","","","","","","","",,,,,"",,,,"Device.expirationDate",0,1,"","ele-1:All FHIR elements must have a @value or children {hasValue() or (children().count() > id.count())}
",".expirationTime","FiveWs.what[x]","the expiration date of a specific device -  which is a component of the production identifier (PI), a conditional, variable portion of a UDI.  For FHIR, The datetime syntax must converted to YYYY-MM-DD[THH:MM:SS].  If hour is present, the minutes and seconds should both be set to “00”."
"Device.lotNumber","Device.lotNumber","","","",0,1,"Y","","","string {[]} {[]}
","Lot number of manufacture","Chargennummer des Produktes","","","","","","","","","",,,,,"",,,,"Device.lotNumber",0,1,"","ele-1:All FHIR elements must have a @value or children {hasValue() or (children().count() > id.count())}
",".lotNumberText","FiveWs.what[x]","The lot or batch number within which a device was manufactured - which is a component of the production identifier (PI), a conditional, variable portion of a UDI."
"Device.serialNumber","Device.serialNumber","","","",0,1,"Y","","","string {[]} {[]}
","Serial number assigned by the manufacturer","Seriennummer des Produktes","Alphanumeric Maximum 20.","","","","","","","","",,,,,"",,,,"Device.serialNumber",0,1,"","ele-1:All FHIR elements must have a @value or children {hasValue() or (children().count() > id.count())}
",".playedRole[typeCode=MANU].id","FiveWs.what[x]"
"Device.deviceName","Device.deviceName","","","",0,0,"","","","BackboneElement {[]} {[]}
","The name of the device as given by the manufacturer","This represents the manufacturer's name of the device as provided by the device, from a UDI label, or by a person describing the Device.  This typically would be used when a person provides the name(s) or when the device represents one of the names available from DeviceDefinition.","","","","","","","","","",,,,,"",,,,"Device.deviceName",0,*,"","ele-1:All FHIR elements must have a @value or children {hasValue() or (children().count() > id.count())}
"
"Device.deviceName.id","Device.deviceName.id","","","",0,1,"","","","string {[]} {[]}
","Unique id for inter-element referencing","Unique id for the element within a resource (for internal references). This may be any string value that does not contain spaces.","","","","","","","","","",,,,,"",,,,"Element.id",0,1,"","","n/a"
"Device.deviceName.extension","Device.deviceName.extension","","extensions
user content","",0,*,"","","","Extension {[]} {[]}
","Additional content defined by implementations","May be used to represent additional information that is not part of the basic definition of the element. To make the use of extensions safe and manageable, there is a strict set of governance  applied to the definition and use of extensions. Though any implementer can define an extension, there is a set of requirements that SHALL be met as part of the definition of the extension.","There can be no stigma associated with the use of extensions by any application, project, or standard - regardless of the institution or jurisdiction that uses or defines the extensions.  The use of extensions is what allows the FHIR specification to retain a core level of simplicity for everyone.","","","","","","","","",,,,,"",,,,"Element.extension",0,*,"","ele-1:All FHIR elements must have a @value or children {hasValue() or (children().count() > id.count())}
ext-1:Must have either extensions or value[x], not both {extension.exists() != value.exists()}","n/a"
"Device.deviceName.modifierExtension","Device.deviceName.modifierExtension","","extensions
user contentmodifiers","",0,*,"","Y","Y","Extension {[]} {[]}
","Extensions that cannot be ignored even if unrecognized","May be used to represent additional information that is not part of the basic definition of the element and that modifies the understanding of the element in which it is contained and/or the understanding of the containing element's descendants. Usually modifier elements provide negation or qualification. To make the use of extensions safe and manageable, there is a strict set of governance applied to the definition and use of extensions. Though any implementer can define an extension, there is a set of requirements that SHALL be met as part of the definition of the extension. Applications processing a resource are required to check for modifier extensions.

Modifier extensions SHALL NOT change the meaning of any elements on Resource or DomainResource (including cannot change the meaning of modifierExtension itself).","There can be no stigma associated with the use of extensions by any application, project, or standard - regardless of the institution or jurisdiction that uses or defines the extensions.  The use of extensions is what allows the FHIR specification to retain a core level of simplicity for everyone.","Modifier extensions allow for extensions that *cannot* be safely ignored to be clearly distinguished from the vast majority of extensions which can be safely ignored.  This promotes interoperability by eliminating the need for implementers to prohibit the presence of extensions. For further information, see the [definition of modifier extensions](http://hl7.org/fhir/R4/extensibility.html#modifierExtension).","","","","","","","",,,,,"",,,,"BackboneElement.modifierExtension",0,*,"","ele-1:All FHIR elements must have a @value or children {hasValue() or (children().count() > id.count())}
ext-1:Must have either extensions or value[x], not both {extension.exists() != value.exists()}","N/A"
"Device.deviceName.name","Device.deviceName.name","","Σ
","",1,1,"","","","string {[]} {[]}
","The name of the device","The name of the device.","","","","","","","","","",,,,,"",,,,"Device.deviceName.name",1,1,"","ele-1:All FHIR elements must have a @value or children {hasValue() or (children().count() > id.count())}
"
"Device.deviceName.type","Device.deviceName.type","","","",1,1,"","","","code {[]} {[]}
","udi-label-name | user-friendly-name | patient-reported-name | manufacturer-name | model-name | other","The type of deviceName.
UDILabelName | UserFriendlyName | PatientReportedName | ManufactureDeviceName | ModelName.","","","","","","","","","",,"required","The type of name the device is referred by.","http://hl7.org/fhir/ValueSet/device-nametype|4.0.1","",,,,"Device.deviceName.type",1,1,"","ele-1:All FHIR elements must have a @value or children {hasValue() or (children().count() > id.count())}
",".playedRole[typeCode=MANU].code","FiveWs.what[x]"
"Device.modelNumber","Device.modelNumber","","","",0,1,"Y","","","string {[]} {[]}
","The model number for the device","Modellnummer des Produktes","","","","","","","","","",,,,,"",,,,"Device.modelNumber",0,1,"","ele-1:All FHIR elements must have a @value or children {hasValue() or (children().count() > id.count())}
",".softwareName (included as part)","FiveWs.what[x]"
"Device.partNumber","Device.partNumber","","","",0,0,"","","","string {[]} {[]}
","The part number of the device","The part number of the device.","Alphanumeric Maximum 20.","","","","","","","","",,,,,"",,,,"Device.partNumber",0,1,"","ele-1:All FHIR elements must have a @value or children {hasValue() or (children().count() > id.count())}
",".playedRole[typeCode=MANU].id","FiveWs.what[x]"
"Device.type","Device.type","","","",0,1,"Y","","","CodeableConcept {[]} {[]}
","The kind or type of device","Spezifischer Typ des Probenbehälters als Code oder als Freitexteintrag.","","","","","","","","","",,"example","Codes to identify medical devices.","http://hl7.org/fhir/ValueSet/device-type|4.0.1","",,,,"Device.type",0,1,"","ele-1:All FHIR elements must have a @value or children {hasValue() or (children().count() > id.count())}
"
"Device.type.id","Device.type.id","","","",0,1,"","","","string {[]} {[]}
","Unique id for inter-element referencing","Unique id for the element within a resource (for internal references). This may be any string value that does not contain spaces.","","","","","","","","","",,,,,"",,,,"Element.id",0,1,"","","n/a"
"Device.type.extension","Device.type.extension","","extensions
user content","",0,*,"","","","Extension {[]} {[]}
","Additional content defined by implementations","May be used to represent additional information that is not part of the basic definition of the element. To make the use of extensions safe and manageable, there is a strict set of governance  applied to the definition and use of extensions. Though any implementer can define an extension, there is a set of requirements that SHALL be met as part of the definition of the extension.","There can be no stigma associated with the use of extensions by any application, project, or standard - regardless of the institution or jurisdiction that uses or defines the extensions.  The use of extensions is what allows the FHIR specification to retain a core level of simplicity for everyone.","","","","","","","","",,,,,"","value:url}
","Extensions are always sliced by (at least) url",,"open","Element.extension",0,*,"","ele-1:All FHIR elements must have a @value or children {hasValue() or (children().count() > id.count())}
ext-1:Must have either extensions or value[x], not both {extension.exists() != value.exists()}","n/a"
"Device.type.coding","Device.type.coding","","","",0,*,"Y","","Y","Coding {[]} {[]}
","Code defined by a terminology system","Hier kann der spezifische Probenbehälter-Typ in Form eines Codes angegeben werden.","Codes may be defined very casually in enumerations, or code lists, up to very formal definitions such as SNOMED CT - see the HL7 v3 Core Principles for more information.  Ordering of codings is undefined and SHALL NOT be used to infer meaning. Generally, at most only one of the coding values will be labeled as UserSelected = true.","Allows for alternative encodings within a code system, and translations to other code systems.","","","","","","","",,,,,"","value:$this}
","",,"open","CodeableConcept.coding",0,*,"","ele-1:All FHIR elements must have a @value or children {hasValue() or (children().count() > id.count())}
","union(., ./translation)"
"Device.type.coding.id","Device.type.coding.id","","","",0,1,"","","","string {[]} {[]}
","Unique id for inter-element referencing","Unique id for the element within a resource (for internal references). This may be any string value that does not contain spaces.","","","","","","","","","",,,,,"",,,,"Element.id",0,1,"","","n/a"
"Device.type.coding.extension","Device.type.coding.extension","","extensions
user content","",0,*,"","","","Extension {[]} {[]}
","Additional content defined by implementations","May be used to represent additional information that is not part of the basic definition of the element. To make the use of extensions safe and manageable, there is a strict set of governance  applied to the definition and use of extensions. Though any implementer can define an extension, there is a set of requirements that SHALL be met as part of the definition of the extension.","There can be no stigma associated with the use of extensions by any application, project, or standard - regardless of the institution or jurisdiction that uses or defines the extensions.  The use of extensions is what allows the FHIR specification to retain a core level of simplicity for everyone.","","","","","","","","",,,,,"","value:url}
","Extensions are always sliced by (at least) url",,"open","Element.extension",0,*,"","ele-1:All FHIR elements must have a @value or children {hasValue() or (children().count() > id.count())}
ext-1:Must have either extensions or value[x], not both {extension.exists() != value.exists()}","n/a"
"Device.type.coding.system","Device.type.coding.system","","","",1,1,"","","Y","uri {[]} {[]}
","Identity of the terminology system","The identification of the code system that defines the meaning of the symbol in the code.","The URI may be an OID (urn:oid:...) or a UUID (urn:uuid:...).  OIDs and UUIDs SHALL be references to the HL7 OID registry. Otherwise, the URI should come from HL7's list of FHIR defined special URIs or it should reference to some definition that establishes the system clearly and unambiguously.","Need to be unambiguous about the source of the definition of the symbol.","","","","","","","",,,,,"",,,,"Coding.system",0,1,"","ele-1:All FHIR elements must have a @value or children {hasValue() or (children().count() > id.count())}
","./codeSystem"
"Device.type.coding.version","Device.type.coding.version","","","",0,1,"","","Y","string {[]} {[]}
","Version of the system - if relevant","The version of the code system which was used when choosing this code. Note that a well-maintained code system does not need the version reported, because the meaning of codes is consistent across versions. However this cannot consistently be assured, and when the meaning is not guaranteed to be consistent, the version SHOULD be exchanged.","Where the terminology does not clearly define what string should be used to identify code system versions, the recommendation is to use the date (expressed in FHIR date format) on which that version was officially published as the version date.","","","","","","","","",,,,,"",,,,"Coding.version",0,1,"","ele-1:All FHIR elements must have a @value or children {hasValue() or (children().count() > id.count())}
","./codeSystemVersion"
"Device.type.coding.code","Device.type.coding.code","","","",1,1,"","","Y","code {[]} {[]}
","Symbol in syntax defined by the system","A symbol in syntax defined by the system. The symbol may be a predefined code or an expression in a syntax defined by the coding system (e.g. post-coordination).","","Need to refer to a particular code in the system.","","","","","","","",,,,,"",,,,"Coding.code",0,1,"","ele-1:All FHIR elements must have a @value or children {hasValue() or (children().count() > id.count())}
","./code"
"Device.type.coding.display","Device.type.coding.display","","","",1,1,"","","Y","string {[]} {[]}
","Representation defined by the system","A representation of the meaning of the code in the system, following the rules of the system.","","Need to be able to carry a human-readable meaning of the code for readers that do not know  the system.","","","","","","","",,,,,"",,,,"Coding.display",0,1,"","ele-1:All FHIR elements must have a @value or children {hasValue() or (children().count() > id.count())}
","CV.displayName"
"Device.type.coding.userSelected","Device.type.coding.userSelected","","","",0,1,"","","Y","boolean {[]} {[]}
","If this coding was chosen directly by the user","Indicates that this coding was chosen by a user directly - e.g. off a pick list of available items (codes or displays).","Amongst a set of alternatives, a directly chosen code is the most appropriate starting point for new translations. There is some ambiguity about what exactly 'directly chosen' implies, and trading partner agreement may be needed to clarify the use of this element and its consequences more completely.","This has been identified as a clinical safety criterium - that this exact system/code pair was chosen explicitly, rather than inferred by the system based on some rules or language processing.","","","","","","","",,,,,"",,,,"Coding.userSelected",0,1,"","ele-1:All FHIR elements must have a @value or children {hasValue() or (children().count() > id.count())}
","CD.codingRationale"
"Device.type.coding:snomed","Device.type.coding","snomed","","",0,1,"Y","","Y","Coding {[]} {[]}
","Code defined by a terminology system","Hier wird ein Code aus SNOMED CT® angegeben.","Codes may be defined very casually in enumerations, or code lists, up to very formal definitions such as SNOMED CT - see the HL7 v3 Core Principles for more information.  Ordering of codings is undefined and SHALL NOT be used to infer meaning. Generally, at most only one of the coding values will be labeled as UserSelected = true.","Allows for alternative encodings within a code system, and translations to other code systems.","","","","<valueCoding xmlns=""http://hl7.org/fhir"">
  <system value=""http://snomed.info/sct""/>
</valueCoding>","","","",,"example","","http://hl7.org/fhir/ValueSet/specimen-container-type","",,,,"CodeableConcept.coding",0,*,"","ele-1:All FHIR elements must have a @value or children {hasValue() or (children().count() > id.count())}
","union(., ./translation)"
"Device.type.coding:snomed.id","Device.type.coding.id","","","",0,1,"","","","string {[]} {[]}
","Unique id for inter-element referencing","Unique id for the element within a resource (for internal references). This may be any string value that does not contain spaces.","","","","","","","","","",,,,,"",,,,"Element.id",0,1,"","","n/a"
"Device.type.coding:snomed.extension","Device.type.coding.extension","","extensions
user content","",0,*,"","","","Extension {[]} {[]}
","Additional content defined by implementations","May be used to represent additional information that is not part of the basic definition of the element. To make the use of extensions safe and manageable, there is a strict set of governance  applied to the definition and use of extensions. Though any implementer can define an extension, there is a set of requirements that SHALL be met as part of the definition of the extension.","There can be no stigma associated with the use of extensions by any application, project, or standard - regardless of the institution or jurisdiction that uses or defines the extensions.  The use of extensions is what allows the FHIR specification to retain a core level of simplicity for everyone.","","","","","","","","",,,,,"","value:url}
","Extensions are always sliced by (at least) url",,"open","Element.extension",0,*,"","ele-1:All FHIR elements must have a @value or children {hasValue() or (children().count() > id.count())}
ext-1:Must have either extensions or value[x], not both {extension.exists() != value.exists()}","n/a"
"Device.type.coding:snomed.system","Device.type.coding.system","","","",1,1,"Y","","Y","uri {[]} {[]}
","Identity of the terminology system","The identification of the code system that defines the meaning of the symbol in the code.","The URI may be an OID (urn:oid:...) or a UUID (urn:uuid:...).  OIDs and UUIDs SHALL be references to the HL7 OID registry. Otherwise, the URI should come from HL7's list of FHIR defined special URIs or it should reference to some definition that establishes the system clearly and unambiguously.","Need to be unambiguous about the source of the definition of the symbol.","","","","","","","",,,,,"",,,,"Coding.system",0,1,"","ele-1:All FHIR elements must have a @value or children {hasValue() or (children().count() > id.count())}
","./codeSystem"
"Device.type.coding:snomed.version","Device.type.coding.version","","","",1,1,"Y","","Y","string {[]} {[]}
","Version of the system - if relevant","The version of the code system which was used when choosing this code. Note that a well-maintained code system does not need the version reported, because the meaning of codes is consistent across versions. However this cannot consistently be assured, and when the meaning is not guaranteed to be consistent, the version SHOULD be exchanged.","Where the terminology does not clearly define what string should be used to identify code system versions, the recommendation is to use the date (expressed in FHIR date format) on which that version was officially published as the version date.","","","","","","","","",,,,,"",,,,"Coding.version",0,1,"","ele-1:All FHIR elements must have a @value or children {hasValue() or (children().count() > id.count())}
","./codeSystemVersion"
"Device.type.coding:snomed.code","Device.type.coding.code","","","",1,1,"Y","","Y","code {[]} {[]}
","Symbol in syntax defined by the system","A symbol in syntax defined by the system. The symbol may be a predefined code or an expression in a syntax defined by the coding system (e.g. post-coordination).","","Need to refer to a particular code in the system.","","","","","","","",,,,,"",,,,"Coding.code",0,1,"","ele-1:All FHIR elements must have a @value or children {hasValue() or (children().count() > id.count())}
","./code"
"Device.type.coding:snomed.display","Device.type.coding.display","","","",1,1,"Y","","Y","string {[]} {[]}
","Representation defined by the system","A representation of the meaning of the code in the system, following the rules of the system.","","Need to be able to carry a human-readable meaning of the code for readers that do not know  the system.","","","","","","","",,,,,"",,,,"Coding.display",0,1,"","ele-1:All FHIR elements must have a @value or children {hasValue() or (children().count() > id.count())}
","CV.displayName"
"Device.type.coding:snomed.userSelected","Device.type.coding.userSelected","","","",0,0,"","","Y","boolean {[]} {[]}
","If this coding was chosen directly by the user","Indicates that this coding was chosen by a user directly - e.g. off a pick list of available items (codes or displays).","Amongst a set of alternatives, a directly chosen code is the most appropriate starting point for new translations. There is some ambiguity about what exactly 'directly chosen' implies, and trading partner agreement may be needed to clarify the use of this element and its consequences more completely.","This has been identified as a clinical safety criterium - that this exact system/code pair was chosen explicitly, rather than inferred by the system based on some rules or language processing.","","","","","","","",,,,,"",,,,"Coding.userSelected",0,1,"","ele-1:All FHIR elements must have a @value or children {hasValue() or (children().count() > id.count())}
","CD.codingRationale"
"Device.type.text","Device.type.text","","","",0,1,"Y","","Y","string {[]} {[]}
","Plain text representation of the concept","Freitextbezeichnung für den spezifischen Typ des Probenbehälters.","Very often the text is the same as a displayName of one of the codings.","The codes from the terminologies do not always capture the correct meaning with all the nuances of the human using them, or sometimes there is no appropriate code at all. In these cases, the text is used to capture the full meaning of the source.","","","","","","","",,,,,"",,,,"CodeableConcept.text",0,1,"","ele-1:All FHIR elements must have a @value or children {hasValue() or (children().count() > id.count())}
","./originalText[mediaType/code=""text/plain""]/data"
"Device.specialization","Device.specialization","","","",0,0,"","","","BackboneElement {[]} {[]}
","The capabilities supported on a  device, the standards to which the device conforms for a particular purpose, and used for the communication","The capabilities supported on a  device, the standards to which the device conforms for a particular purpose, and used for the communication.","","","","","","","","","",,,,,"",,,,"Device.specialization",0,*,"","ele-1:All FHIR elements must have a @value or children {hasValue() or (children().count() > id.count())}
"
"Device.specialization.id","Device.specialization.id","","","",0,1,"","","","string {[]} {[]}
","Unique id for inter-element referencing","Unique id for the element within a resource (for internal references). This may be any string value that does not contain spaces.","","","","","","","","","",,,,,"",,,,"Element.id",0,1,"","","n/a"
"Device.specialization.extension","Device.specialization.extension","","extensions
user content","",0,*,"","","","Extension {[]} {[]}
","Additional content defined by implementations","May be used to represent additional information that is not part of the basic definition of the element. To make the use of extensions safe and manageable, there is a strict set of governance  applied to the definition and use of extensions. Though any implementer can define an extension, there is a set of requirements that SHALL be met as part of the definition of the extension.","There can be no stigma associated with the use of extensions by any application, project, or standard - regardless of the institution or jurisdiction that uses or defines the extensions.  The use of extensions is what allows the FHIR specification to retain a core level of simplicity for everyone.","","","","","","","","",,,,,"",,,,"Element.extension",0,*,"","ele-1:All FHIR elements must have a @value or children {hasValue() or (children().count() > id.count())}
ext-1:Must have either extensions or value[x], not both {extension.exists() != value.exists()}","n/a"
"Device.specialization.modifierExtension","Device.specialization.modifierExtension","","extensions
user contentmodifiers","",0,*,"","Y","Y","Extension {[]} {[]}
","Extensions that cannot be ignored even if unrecognized","May be used to represent additional information that is not part of the basic definition of the element and that modifies the understanding of the element in which it is contained and/or the understanding of the containing element's descendants. Usually modifier elements provide negation or qualification. To make the use of extensions safe and manageable, there is a strict set of governance applied to the definition and use of extensions. Though any implementer can define an extension, there is a set of requirements that SHALL be met as part of the definition of the extension. Applications processing a resource are required to check for modifier extensions.

Modifier extensions SHALL NOT change the meaning of any elements on Resource or DomainResource (including cannot change the meaning of modifierExtension itself).","There can be no stigma associated with the use of extensions by any application, project, or standard - regardless of the institution or jurisdiction that uses or defines the extensions.  The use of extensions is what allows the FHIR specification to retain a core level of simplicity for everyone.","Modifier extensions allow for extensions that *cannot* be safely ignored to be clearly distinguished from the vast majority of extensions which can be safely ignored.  This promotes interoperability by eliminating the need for implementers to prohibit the presence of extensions. For further information, see the [definition of modifier extensions](http://hl7.org/fhir/R4/extensibility.html#modifierExtension).","","","","","","","",,,,,"",,,,"BackboneElement.modifierExtension",0,*,"","ele-1:All FHIR elements must have a @value or children {hasValue() or (children().count() > id.count())}
ext-1:Must have either extensions or value[x], not both {extension.exists() != value.exists()}","N/A"
"Device.specialization.systemType","Device.specialization.systemType","","Σ
","",1,1,"","","","CodeableConcept {[]} {[]}
","The standard that is used to operate and communicate","The standard that is used to operate and communicate.","","","","","","","","","",,,,,"",,,,"Device.specialization.systemType",1,1,"","ele-1:All FHIR elements must have a @value or children {hasValue() or (children().count() > id.count())}
"
"Device.specialization.version","Device.specialization.version","","","",0,1,"","","","string {[]} {[]}
","The version of the standard that is used to operate and communicate","The version of the standard that is used to operate and communicate.","","","","","","","","","",,,,,"",,,,"Device.specialization.version",0,1,"","ele-1:All FHIR elements must have a @value or children {hasValue() or (children().count() > id.count())}
","FiveWs.what[x]"
"Device.version","Device.version","","","",0,0,"","","","BackboneElement {[]} {[]}
","The actual design of the device or software version running on the device","The actual design of the device or software version running on the device.","","","","","","","","","",,,,,"",,,,"Device.version",0,*,"","ele-1:All FHIR elements must have a @value or children {hasValue() or (children().count() > id.count())}
"
"Device.version.id","Device.version.id","","","",0,1,"","","","string {[]} {[]}
","Unique id for inter-element referencing","Unique id for the element within a resource (for internal references). This may be any string value that does not contain spaces.","","","","","","","","","",,,,,"",,,,"Element.id",0,1,"","","n/a"
"Device.version.extension","Device.version.extension","","extensions
user content","",0,*,"","","","Extension {[]} {[]}
","Additional content defined by implementations","May be used to represent additional information that is not part of the basic definition of the element. To make the use of extensions safe and manageable, there is a strict set of governance  applied to the definition and use of extensions. Though any implementer can define an extension, there is a set of requirements that SHALL be met as part of the definition of the extension.","There can be no stigma associated with the use of extensions by any application, project, or standard - regardless of the institution or jurisdiction that uses or defines the extensions.  The use of extensions is what allows the FHIR specification to retain a core level of simplicity for everyone.","","","","","","","","",,,,,"",,,,"Element.extension",0,*,"","ele-1:All FHIR elements must have a @value or children {hasValue() or (children().count() > id.count())}
ext-1:Must have either extensions or value[x], not both {extension.exists() != value.exists()}","n/a"
"Device.version.modifierExtension","Device.version.modifierExtension","","extensions
user contentmodifiers","",0,*,"","Y","Y","Extension {[]} {[]}
","Extensions that cannot be ignored even if unrecognized","May be used to represent additional information that is not part of the basic definition of the element and that modifies the understanding of the element in which it is contained and/or the understanding of the containing element's descendants. Usually modifier elements provide negation or qualification. To make the use of extensions safe and manageable, there is a strict set of governance applied to the definition and use of extensions. Though any implementer can define an extension, there is a set of requirements that SHALL be met as part of the definition of the extension. Applications processing a resource are required to check for modifier extensions.

Modifier extensions SHALL NOT change the meaning of any elements on Resource or DomainResource (including cannot change the meaning of modifierExtension itself).","There can be no stigma associated with the use of extensions by any application, project, or standard - regardless of the institution or jurisdiction that uses or defines the extensions.  The use of extensions is what allows the FHIR specification to retain a core level of simplicity for everyone.","Modifier extensions allow for extensions that *cannot* be safely ignored to be clearly distinguished from the vast majority of extensions which can be safely ignored.  This promotes interoperability by eliminating the need for implementers to prohibit the presence of extensions. For further information, see the [definition of modifier extensions](http://hl7.org/fhir/R4/extensibility.html#modifierExtension).","","","","","","","",,,,,"",,,,"BackboneElement.modifierExtension",0,*,"","ele-1:All FHIR elements must have a @value or children {hasValue() or (children().count() > id.count())}
ext-1:Must have either extensions or value[x], not both {extension.exists() != value.exists()}","N/A"
"Device.version.type","Device.version.type","","Σ
","",0,1,"","","","CodeableConcept {[]} {[]}
","The type of the device version","The type of the device version.","","","","","","","","","",,,,,"",,,,"Device.version.type",0,1,"","ele-1:All FHIR elements must have a @value or children {hasValue() or (children().count() > id.count())}
"
"Device.version.component","Device.version.component","","","",0,1,"","","","Identifier {[]} {[]}
","A single component of the device version","A single component of the device version.","","","","","","","","","",,,,,"",,,,"Device.version.component",0,1,"","ele-1:All FHIR elements must have a @value or children {hasValue() or (children().count() > id.count())}
","FiveWs.what[x]"
"Device.version.value","Device.version.value","","","",1,1,"","","","string {[]} {[]}
","The version text","The version text.","","","","","","","","","",,,,,"",,,,"Device.version.value",1,1,"","ele-1:All FHIR elements must have a @value or children {hasValue() or (children().count() > id.count())}
"
"Device.property","Device.property","","","",0,0,"","","","BackboneElement {[]} {[]}
","The actual configuration settings of a device as it actually operates, e.g., regulation status, time properties","The actual configuration settings of a device as it actually operates, e.g., regulation status, time properties.","","","","","","","","","",,,,,"",,,,"Device.property",0,*,"","ele-1:All FHIR elements must have a @value or children {hasValue() or (children().count() > id.count())}
"
"Device.property.id","Device.property.id","","","",0,1,"","","","string {[]} {[]}
","Unique id for inter-element referencing","Unique id for the element within a resource (for internal references). This may be any string value that does not contain spaces.","","","","","","","","","",,,,,"",,,,"Element.id",0,1,"","","n/a"
"Device.property.extension","Device.property.extension","","extensions
user content","",0,*,"","","","Extension {[]} {[]}
","Additional content defined by implementations","May be used to represent additional information that is not part of the basic definition of the element. To make the use of extensions safe and manageable, there is a strict set of governance  applied to the definition and use of extensions. Though any implementer can define an extension, there is a set of requirements that SHALL be met as part of the definition of the extension.","There can be no stigma associated with the use of extensions by any application, project, or standard - regardless of the institution or jurisdiction that uses or defines the extensions.  The use of extensions is what allows the FHIR specification to retain a core level of simplicity for everyone.","","","","","","","","",,,,,"",,,,"Element.extension",0,*,"","ele-1:All FHIR elements must have a @value or children {hasValue() or (children().count() > id.count())}
ext-1:Must have either extensions or value[x], not both {extension.exists() != value.exists()}","n/a"
"Device.property.modifierExtension","Device.property.modifierExtension","","extensions
user contentmodifiers","",0,*,"","Y","Y","Extension {[]} {[]}
","Extensions that cannot be ignored even if unrecognized","May be used to represent additional information that is not part of the basic definition of the element and that modifies the understanding of the element in which it is contained and/or the understanding of the containing element's descendants. Usually modifier elements provide negation or qualification. To make the use of extensions safe and manageable, there is a strict set of governance applied to the definition and use of extensions. Though any implementer can define an extension, there is a set of requirements that SHALL be met as part of the definition of the extension. Applications processing a resource are required to check for modifier extensions.

Modifier extensions SHALL NOT change the meaning of any elements on Resource or DomainResource (including cannot change the meaning of modifierExtension itself).","There can be no stigma associated with the use of extensions by any application, project, or standard - regardless of the institution or jurisdiction that uses or defines the extensions.  The use of extensions is what allows the FHIR specification to retain a core level of simplicity for everyone.","Modifier extensions allow for extensions that *cannot* be safely ignored to be clearly distinguished from the vast majority of extensions which can be safely ignored.  This promotes interoperability by eliminating the need for implementers to prohibit the presence of extensions. For further information, see the [definition of modifier extensions](http://hl7.org/fhir/R4/extensibility.html#modifierExtension).","","","","","","","",,,,,"",,,,"BackboneElement.modifierExtension",0,*,"","ele-1:All FHIR elements must have a @value or children {hasValue() or (children().count() > id.count())}
ext-1:Must have either extensions or value[x], not both {extension.exists() != value.exists()}","N/A"
"Device.property.type","Device.property.type","","","",1,1,"","","","CodeableConcept {[]} {[]}
","Code that specifies the property DeviceDefinitionPropetyCode (Extensible)","Code that specifies the property DeviceDefinitionPropetyCode (Extensible).","","","","","","","","","",,,,,"",,,,"Device.property.type",1,1,"","ele-1:All FHIR elements must have a @value or children {hasValue() or (children().count() > id.count())}
"
"Device.property.valueQuantity","Device.property.valueQuantity","","","",0,*,"","","","Quantity {[]} {[]}
","Property value as a quantity","Property value as a quantity.","","","","","","","","","",,,,,"",,,,"Device.property.valueQuantity",0,*,"","ele-1:All FHIR elements must have a @value or children {hasValue() or (children().count() > id.count())}
"
"Device.property.valueCode","Device.property.valueCode","","","",0,*,"","","","CodeableConcept {[]} {[]}
","Property value as a code, e.g., NTP4 (synced to NTP)","Property value as a code, e.g., NTP4 (synced to NTP).","","","","","","","","","",,,,,"",,,,"Device.property.valueCode",0,*,"","ele-1:All FHIR elements must have a @value or children {hasValue() or (children().count() > id.count())}
"
"Device.patient","Device.patient","","","",0,0,"","","","Reference {[]} {[CanonicalType[http://hl7.org/fhir/StructureDefinition/Patient|4.0.1]]}
","Patient to whom Device is affixed","Patient information, If the device is affixed to a person.","","If the device is implanted in a patient, then need to associate the device to the patient.","","","","","","","",,,,,"",,,,"Device.patient",0,1,"","ele-1:All FHIR elements must have a @value or children {hasValue() or (children().count() > id.count())}
",".playedRole[typeCode=USED].scoper.playedRole[typeCode=PAT]","FiveWs.subject[x]","FiveWs.subject"
"Device.owner","Device.owner","","","",0,0,"","","","Reference {[]} {[CanonicalType[http://hl7.org/fhir/StructureDefinition/Organization|4.0.1]]}
","Organization responsible for device","An organization that is responsible for the provision and ongoing maintenance of the device.","","","","","","","","","",,,,,"",,,,"Device.owner",0,1,"","ele-1:All FHIR elements must have a @value or children {hasValue() or (children().count() > id.count())}
",".playedRole[typeCode=OWN].scoper","FiveWs.source"
"Device.contact","Device.contact","","","",0,0,"","","","ContactPoint {[]} {[]}
","Details for human/organization for support","Contact details for an organization or a particular human that is responsible for the device.","used for troubleshooting etc.","","","","","","","","",,,,,"",,,,"Device.contact",0,*,"","ele-1:All FHIR elements must have a @value or children {hasValue() or (children().count() > id.count())}
",".scopedRole[typeCode=CON].player","FiveWs.source"
"Device.location","Device.location","","","",0,0,"","","","Reference {[]} {[CanonicalType[http://hl7.org/fhir/StructureDefinition/Location|4.0.1]]}
","Where the device is found","The place where the device can be found.","","Device.location can be used to track device location.","","","","","","","",,,,,"",,,,"Device.location",0,1,"","ele-1:All FHIR elements must have a @value or children {hasValue() or (children().count() > id.count())}
",".playedRole[typeCode=LOCE].scoper","FiveWs.where[x]"
"Device.url","Device.url","","","",0,0,"","","","uri {[]} {[]}
","Network address to contact device","A network address on which the device may be contacted directly.","If the device is running a FHIR server, the network address should  be the Base URL from which a conformance statement may be retrieved.","","","","","","","","",,,,,"",,,,"Device.url",0,1,"","ele-1:All FHIR elements must have a @value or children {hasValue() or (children().count() > id.count())}
",".telecom","FiveWs.where[x]"
"Device.note","Device.note","","","",0,*,"Y","","","Annotation {[]} {[]}
","Device notes and comments","Feld für ergänzende Freitext-Angaben zum Probenbehälter, die in der vorgegebenen Datenstruktur nicht erfasst werden können.","","","","","","","","","",,,,,"",,,,"Device.note",0,*,"","ele-1:All FHIR elements must have a @value or children {hasValue() or (children().count() > id.count())}
",".text"
"Device.note.id","Device.note.id","","","",0,1,"","","","string {[]} {[]}
","Unique id for inter-element referencing","Unique id for the element within a resource (for internal references). This may be any string value that does not contain spaces.","","","","","","","","","",,,,,"",,,,"Element.id",0,1,"","","n/a"
"Device.note.extension","Device.note.extension","","extensions
user content","",0,*,"","","","Extension {[]} {[]}
","Additional content defined by implementations","May be used to represent additional information that is not part of the basic definition of the element. To make the use of extensions safe and manageable, there is a strict set of governance  applied to the definition and use of extensions. Though any implementer can define an extension, there is a set of requirements that SHALL be met as part of the definition of the extension.","There can be no stigma associated with the use of extensions by any application, project, or standard - regardless of the institution or jurisdiction that uses or defines the extensions.  The use of extensions is what allows the FHIR specification to retain a core level of simplicity for everyone.","","","","","","","","",,,,,"","value:url}
","Extensions are always sliced by (at least) url",,"open","Element.extension",0,*,"","ele-1:All FHIR elements must have a @value or children {hasValue() or (children().count() > id.count())}
ext-1:Must have either extensions or value[x], not both {extension.exists() != value.exists()}","n/a"
"Device.note.author[x]","Device.note.author[x]","","","",0,0,"","","Y","Reference {[]} {[CanonicalType[http://hl7.org/fhir/StructureDefinition/Practitioner|4.0.1], CanonicalType[http://hl7.org/fhir/StructureDefinition/Patient|4.0.1], CanonicalType[http://hl7.org/fhir/StructureDefinition/RelatedPerson|4.0.1], CanonicalType[http://hl7.org/fhir/StructureDefinition/Organization|4.0.1]]}
string {[]} {[]}","Individual responsible for the annotation","The individual responsible for making the annotation.","Organization is used when there's no need for specific attribution as to who made the comment.","","","","","","","","",,,,,"",,,,"Annotation.author[x]",0,1,"","ele-1:All FHIR elements must have a @value or children {hasValue() or (children().count() > id.count())}
","Act.participant[typeCode=AUT].role"
"Device.note.time","Device.note.time","","","",0,0,"","","Y","dateTime {[]} {[]}
","When the annotation was made","Indicates when this particular annotation was made.","","","","","","","","","",,,,,"",,,,"Annotation.time",0,1,"","ele-1:All FHIR elements must have a @value or children {hasValue() or (children().count() > id.count())}
","Act.effectiveTime"
"Device.note.text","Device.note.text","","","",1,1,"Y","","Y","markdown {[]} {[]}
","The annotation  - text content (as markdown)","The text of the annotation in markdown format.","","","","","","","","","",,,,,"",,,,"Annotation.text",1,1,"","ele-1:All FHIR elements must have a @value or children {hasValue() or (children().count() > id.count())}
","Act.text"
"Device.safety","Device.safety","","","",0,0,"","","Y","CodeableConcept {[]} {[]}
","Safety Characteristics of Device","Provides additional safety characteristics about a medical device.  For example devices containing latex.","","","","","","","","","",,,,,"",,,,"Device.safety",0,*,"","ele-1:All FHIR elements must have a @value or children {hasValue() or (children().count() > id.count())}
","NA"
"Device.parent","Device.parent","","","",0,0,"","","","Reference {[]} {[CanonicalType[http://hl7.org/fhir/StructureDefinition/Device|4.0.1]]}
","The parent device","The parent device.","","","","","","","","","",,,,,"",,,,"Device.parent",0,1,"","ele-1:All FHIR elements must have a @value or children {hasValue() or (children().count() > id.count())}
"
