URL,Version,Status,OIDs,Name,Title,Description,Uses,Used,Sources
http://fhir.de/ValueSet/dkgev/Fachabteilungsschluessel,1.5.4,active,,FachabteilungsschluesselVS,Fachabteilungsschlüssel ValueSet,"Fachabteilungen gemäß Anhang 1 der BPflV in der am 31.12.2003 geltenden Fassung","StructureDefinition/KBV-PR-MIO-LAB-Organization","de.basisprofil.r4"
http://fhir.de/ValueSet/dkgev/Fachabteilungsschluessel-erweitert,1.5.4,active,,ValueSetFachabteilungsschluesselErweitert,FachabteilungsschluesselErweitert ValueSet,"Fachabteilungen gemäß Anhang 1 der BPflV in der am 31.12.2003 geltenden Fassung inkl. Spezialisierungen","StructureDefinition/KBV-PR-MIO-LAB-Organization","de.basisprofil.r4"
http://fhir.de/ValueSet/gender-other-de,1.5.4,active,,GenderOtherDEVS,GenderOtherDE ValueSet,"Codes zur Erfassung des amtlichen Geschlechts auf Basis der Spezifikationen ""XPersonenstand - Elektronische Datenübermittlung im Personenstandswesen"" und ""Kassenärztliche Vereinigung-Datentransfer"" der KB","StructureDefinition/KBV-PR-MIO-LAB-Patient,StructureDefinition/KBV-PR-MIO-LAB-Practitioner,StructureDefinition/KBV-PR-MIO-LAB-RelatedPerson","de.basisprofil.r4"
http://fhir.de/ValueSet/icd-10-gm-mehrfachcodierungs-kennzeichen,1.5.4,active,,MehrfachkodierungsKennzeichenVS,Mehrfachkodierungs-Kennzeichen ICD10GM ValueSet,"Zusatzkennzeichen für postkoordinierte ICD-10-gm-Codes","StructureDefinition/KBV-PR-MIO-LAB-Condition-Diagnosis","de.basisprofil.r4"
http://fhir.de/ValueSet/identifier-type-de-basis,1.5.4,active,,IdentifierTypeDeBasisVS,Identifier Type DeBasis ValueSet,"ValueSet zur Codierung des Identifier-Typs","StructureDefinition/KBV-PR-MIO-LAB-Patient,StructureDefinition/KBV-PR-MIO-LAB-Organization,StructureDefinition/KBV-PR-MIO-LAB-Practitioner","THO (V2),de.basisprofil.r4"
http://fhir.de/ValueSet/iso/bundeslaender,1.5.4,active,,ValueSetISO31662DE,ISO-3166-2:de-Laendercodes,"Enthaelt die ISO-3166-2:DE Codes für die deutschen Bundeslaender.","StructureDefinition/KBV-PR-MIO-LAB-Patient,StructureDefinition/KBV-PR-MIO-LAB-Organization,StructureDefinition/KBV-PR-MIO-LAB-Practitioner,StructureDefinition/KBV-PR-MIO-LAB-RelatedPerson","de.basisprofil.r4"
http://hl7.eu/fhir/laboratory/ValueSet/lab-specimenAdditive-eu-lab,2.0.0,active,,LabSpecimenAdditiveEu,Specimen Additive,"List of the specimen additives. Additives are commonly added to the vacutainer tubes to preserve the specimen for laboratory analysis","StructureDefinition/KBV-PR-MIO-LAB-Substance","SCT"
http://hl7.org/fhir/ValueSet/address-type,4.0.1,active,"2.16.840.1.113883.4.642.3.69",AddressType,AddressType,"The type of an address (physical / postal).","StructureDefinition/KBV-PR-MIO-LAB-Patient,StructureDefinition/KBV-PR-MIO-LAB-Organization,StructureDefinition/KBV-PR-MIO-LAB-Practitioner,StructureDefinition/KBV-PR-MIO-LAB-RelatedPerson","hl7.fhir.r4.core"
http://hl7.org/fhir/ValueSet/address-use,4.0.1,active,"2.16.840.1.113883.4.642.3.67",AddressUse,AddressUse,"The use of an address.","StructureDefinition/KBV-PR-MIO-LAB-Patient,StructureDefinition/KBV-PR-MIO-LAB-Organization,StructureDefinition/KBV-PR-MIO-LAB-Practitioner,StructureDefinition/KBV-PR-MIO-LAB-RelatedPerson","hl7.fhir.r4.core"
http://hl7.org/fhir/ValueSet/administrative-gender,4.0.1,active,"2.16.840.1.113883.4.642.3.1",AdministrativeGender,AdministrativeGender,"The gender of a person used for administrative purposes.","StructureDefinition/KBV-PR-MIO-LAB-Patient,StructureDefinition/KBV-PR-MIO-LAB-Practitioner,StructureDefinition/KBV-PR-MIO-LAB-RelatedPerson","hl7.fhir.r4.core"
http://hl7.org/fhir/ValueSet/body-site,4.0.1,draft,"2.16.840.1.113883.4.642.3.141",SNOMEDCTBodyStructures,SNOMED CT Body Structures,"This value set includes all codes from [SNOMED CT](http://snomed.info/sct) where concept is-a 442083009 (Anatomical or acquired body site (body structure)).","StructureDefinition/KBV-PR-MIO-LAB-Observation-Image-Attachment,StructureDefinition/KBV-PR-MIO-LAB-Observation-Laboratory-Study-Group,StructureDefinition/KBV-PR-MIO-LAB-Observation-Laboratory-Study,StructureDefinition/KBV-PR-MIO-LAB-BodyStructure,StructureDefinition/KBV-PR-MIO-LAB-ServiceRequest,StructureDefinition/KBV-PR-MIO-LAB-Specimen,StructureDefinition/KBV-PR-MIO-LAB-Condition-Diagnosis","SCT"
http://hl7.org/fhir/ValueSet/bodystructure-code,4.0.1,draft,"2.16.840.1.113883.4.642.3.142",SNOMEDCTMorphologicAbnormalities,SNOMED CT Morphologic Abnormalities,"This value set includes all codes from [SNOMED CT](http://snomed.info/sct) where concept is-a 442083009 (Anatomical or acquired body site (body structure)).","StructureDefinition/KBV-PR-MIO-LAB-BodyStructure","SCT"
http://hl7.org/fhir/ValueSet/bodystructure-relative-location,4.0.1,draft,"2.16.840.1.113883.4.642.3.140",BodystructureLocationQualifier,Bodystructure Location Qualifier,"SNOMED-CT concepts modifying the anatomic location","StructureDefinition/KBV-PR-MIO-LAB-BodyStructure","SCT"
http://hl7.org/fhir/ValueSet/bundle-type,4.0.1,active,"2.16.840.1.113883.4.642.3.620",BundleType,BundleType,"Indicates the purpose of a bundle - how it is intended to be used.","StructureDefinition/KBV-PR-MIO-LAB-Bundle","hl7.fhir.r4.core"
http://hl7.org/fhir/ValueSet/c80-doc-typecodes,4.0.1,active,"2.16.840.1.113883.3.88.12.80.47",DocumentTypeValueSet,Document Type Value Set,"This is the code specifying the precise type of document (e.g. Pulmonary History and  Physical, Discharge Summary, Ultrasound Report, etc.). The Document Type value set includes all LOINC  values listed in HITSP C80 Table 2-144 Document Class Value Set Definition above used for Document Class,  and all LOINC values whose SCALE is DOC in the LOINC database.","StructureDefinition/KBV-PR-MIO-LAB-DocumentReference","LOINC"
http://hl7.org/fhir/ValueSet/c80-facilitycodes,4.0.1,active,"2.16.840.1.113883.3.88.12.80.67",FacilityTypeCodeValueSet,Facility Type Code Value Set,"This is the code representing the type of organizational setting where the clinical encounter, service, interaction, or treatment occurred. The value set used for Healthcare Facility Type has been defined by HITSP to be the value set reproduced from HITSP C80 Table 2-147.","StructureDefinition/KBV-PR-MIO-LAB-DocumentReference","SCT"
http://hl7.org/fhir/ValueSet/c80-practice-codes,4.0.1,active,"2.16.840.1.113883.3.88.12.80.72",PracticeSettingCodeValueSet,Practice Setting Code Value Set,"This is the code representing the clinical specialty of the clinician or provider who interacted with, treated, or provided a service to/for the patient. The value set used for clinical specialty has been limited by HITSP to the value set reproduced from HITSP C80 Table 2-149 Clinical Specialty Value Set Definition.","StructureDefinition/KBV-PR-MIO-LAB-PractitionerRole,StructureDefinition/KBV-PR-MIO-LAB-DocumentReference","SCT"
http://hl7.org/fhir/ValueSet/clinical-findings,4.0.1,draft,"2.16.840.1.113883.4.642.3.232",SNOMEDCTClinicalFindings,SNOMED CT Clinical Findings,"This value set includes all the ""Clinical finding"" [SNOMED CT](http://snomed.info/sct) codes - concepts where concept is-a 404684003 (Clinical finding (finding)).","StructureDefinition/KBV-PR-MIO-LAB-DiagnosticReport","SCT"
http://hl7.org/fhir/ValueSet/common-tags,4.0.1,draft,"2.16.840.1.113883.4.642.3.79",CommonTags,Common Tags,"Common Tag Codes defined by FHIR project","StructureDefinition/KBV-PR-MIO-LAB-DiagnosticReport,StructureDefinition/KBV-PR-MIO-LAB-Patient,StructureDefinition/KBV-PR-MIO-LAB-Composition,StructureDefinition/KBV-PR-MIO-LAB-Observation-Laboratory-Study-Group,StructureDefinition/KBV-PR-MIO-LAB-Device-Specimen-Container,StructureDefinition/KBV-PR-MIO-LAB-RelatedPerson,StructureDefinition/KBV-PR-MIO-LAB-PractitionerRole,StructureDefinition/KBV-PR-MIO-LAB-DocumentReference,StructureDefinition/KBV-PR-MIO-LAB-DeviceDefinition-Specimen-Subject,StructureDefinition/KBV-PR-MIO-LAB-Condition-Diagnosis,StructureDefinition/KBV-PR-MIO-LAB-Substance,StructureDefinition/KBV-PR-MIO-LAB-Device-Laboratory-Analyzer,StructureDefinition/KBV-PR-MIO-LAB-DeviceDefinition-Specimen-Container,StructureDefinition/KBV-PR-MIO-LAB-Observation-Image-Attachment,StructureDefinition/KBV-PR-MIO-LAB-Bundle,StructureDefinition/KBV-PR-MIO-LAB-Observation-Laboratory-Study,StructureDefinition/KBV-PR-MIO-LAB-Organization,StructureDefinition/KBV-PR-MIO-LAB-BodyStructure,StructureDefinition/KBV-PR-MIO-LAB-DeviceDefinition-Laboratory-Analyzer,StructureDefinition/KBV-PR-MIO-LAB-ServiceRequest,StructureDefinition/KBV-PR-MIO-LAB-Device-Specimen-Subject,StructureDefinition/KBV-PR-MIO-LAB-Practitioner,StructureDefinition/KBV-PR-MIO-LAB-Provenance,StructureDefinition/KBV-PR-MIO-LAB-Specimen","THO"
http://hl7.org/fhir/ValueSet/composition-attestation-mode,4.0.1,draft,"2.16.840.1.113883.4.642.3.238",CompositionAttestationMode,CompositionAttestationMode,"The way in which a person authenticated a composition.","StructureDefinition/KBV-PR-MIO-LAB-Composition","hl7.fhir.r4.core"
http://hl7.org/fhir/ValueSet/composition-status,4.0.1,draft,"2.16.840.1.113883.4.642.3.241",CompositionStatus,CompositionStatus,"The workflow/clinical status of the composition.","StructureDefinition/KBV-PR-MIO-LAB-Composition,StructureDefinition/KBV-PR-MIO-LAB-DocumentReference","hl7.fhir.r4.core"
http://hl7.org/fhir/ValueSet/condition-category,4.0.1,draft,"2.16.840.1.113883.4.642.3.162",ConditionCategoryCodes,Condition Category Codes,"Preferred value set for Condition Categories.","StructureDefinition/KBV-PR-MIO-LAB-Condition-Diagnosis","THO"
http://hl7.org/fhir/ValueSet/condition-clinical,4.0.1,draft,"2.16.840.1.113883.4.642.3.164",ConditionClinicalStatusCodes,Condition Clinical Status Codes,"Preferred value set for Condition Clinical Status.","StructureDefinition/KBV-PR-MIO-LAB-Condition-Diagnosis","THO"
http://hl7.org/fhir/ValueSet/condition-code,4.0.1,draft,"2.16.840.1.113883.4.642.3.161",Condition/Problem/DiagnosisCodes,Condition/Problem/Diagnosis Codes,"Example value set for Condition/Problem/Diagnosis codes.","StructureDefinition/KBV-PR-MIO-LAB-Condition-Diagnosis","SCT"
http://hl7.org/fhir/ValueSet/condition-severity,4.0.1,draft,"2.16.840.1.113883.4.642.3.168",Condition/DiagnosisSeverity,Condition/Diagnosis Severity,"Preferred value set for Condition/Diagnosis severity grading.","StructureDefinition/KBV-PR-MIO-LAB-Condition-Diagnosis","SCT"
http://hl7.org/fhir/ValueSet/condition-stage,4.0.1,draft,"2.16.840.1.113883.4.642.3.170",ConditionStage,Condition Stage,"Example value set for stages of cancer and other conditions.","StructureDefinition/KBV-PR-MIO-LAB-Condition-Diagnosis","SCT"
http://hl7.org/fhir/ValueSet/condition-stage-type,4.0.1,draft,"2.16.840.1.113883.4.642.3.171",ConditionStageType,Condition Stage Type,"Example value set for the type of stages of cancer and other conditions","StructureDefinition/KBV-PR-MIO-LAB-Condition-Diagnosis","SCT"
http://hl7.org/fhir/ValueSet/condition-ver-status,4.0.1,draft,"2.16.840.1.113883.4.642.3.166",ConditionVerificationStatus,ConditionVerificationStatus,"The verification status to support or decline the clinical status of the condition or diagnosis.","StructureDefinition/KBV-PR-MIO-LAB-Condition-Diagnosis","THO"
http://hl7.org/fhir/ValueSet/contact-point-system,4.0.1,active,"2.16.840.1.113883.4.642.3.71",ContactPointSystem,ContactPointSystem,"Telecommunications form for contact point.","StructureDefinition/KBV-PR-MIO-LAB-Patient,StructureDefinition/KBV-PR-MIO-LAB-Organization,StructureDefinition/KBV-PR-MIO-LAB-Practitioner,StructureDefinition/KBV-PR-MIO-LAB-RelatedPerson","hl7.fhir.r4.core"
http://hl7.org/fhir/ValueSet/contact-point-use,4.0.1,active,"2.16.840.1.113883.4.642.3.73",ContactPointUse,ContactPointUse,"Use of contact point.","StructureDefinition/KBV-PR-MIO-LAB-Patient,StructureDefinition/KBV-PR-MIO-LAB-Organization,StructureDefinition/KBV-PR-MIO-LAB-Practitioner,StructureDefinition/KBV-PR-MIO-LAB-RelatedPerson","hl7.fhir.r4.core"
http://hl7.org/fhir/ValueSet/contactentity-type,4.0.1,draft,"2.16.840.1.113883.4.642.3.416",ContactEntityType,Contact entity type,"This example value set defines a set of codes that can be used to indicate the purpose for which you would contact a contact party.","StructureDefinition/KBV-PR-MIO-LAB-Organization","THO"
http://hl7.org/fhir/ValueSet/data-absent-reason,4.0.1,active,"2.16.840.1.113883.4.642.3.5",DataAbsentReason,DataAbsentReason,"Used to specify why the normally expected content of the data element is missing.","StructureDefinition/KBV-PR-MIO-LAB-Patient,StructureDefinition/KBV-PR-MIO-LAB-Observation-Image-Attachment,StructureDefinition/KBV-PR-MIO-LAB-Observation-Laboratory-Study-Group,StructureDefinition/KBV-PR-MIO-LAB-Observation-Laboratory-Study","THO"
http://hl7.org/fhir/ValueSet/days-of-week,4.0.1,active,"2.16.840.1.113883.4.642.3.512",DaysOfWeek,DaysOfWeek,"The days of the week.","StructureDefinition/KBV-PR-MIO-LAB-PractitionerRole","hl7.fhir.r4.core"
http://hl7.org/fhir/ValueSet/device-kind,4.0.1,draft,"2.16.840.1.113883.4.642.3.208",FHIRDeviceTypes,FHIR Device Types,"Codes used to identify medical devices. Includes concepts from SNOMED CT (http://www.snomed.org/) where concept is-a 49062001 (Device)  and is provided as a suggestive example.","StructureDefinition/KBV-PR-MIO-LAB-DeviceDefinition-Specimen-Container,StructureDefinition/KBV-PR-MIO-LAB-DeviceDefinition-Laboratory-Analyzer,StructureDefinition/KBV-PR-MIO-LAB-DeviceDefinition-Specimen-Subject","SCT"
http://hl7.org/fhir/ValueSet/device-nametype,4.0.1,draft,"2.16.840.1.113883.4.642.3.1083",DeviceNameType,DeviceNameType,"The type of name the device is referred by.","StructureDefinition/KBV-PR-MIO-LAB-Device-Laboratory-Analyzer,StructureDefinition/KBV-PR-MIO-LAB-DeviceDefinition-Specimen-Container,StructureDefinition/KBV-PR-MIO-LAB-Device-Specimen-Container,StructureDefinition/KBV-PR-MIO-LAB-DeviceDefinition-Laboratory-Analyzer,StructureDefinition/KBV-PR-MIO-LAB-Device-Specimen-Subject,StructureDefinition/KBV-PR-MIO-LAB-DeviceDefinition-Specimen-Subject","hl7.fhir.r4.core"
http://hl7.org/fhir/ValueSet/device-safety,4.0.1,draft,"2.16.840.1.113883.4.642.3.213",DeviceSafety,Device safety,"Codes used to identify medical devices safety characteristics. These codes are taken from the [NCI Thesaurus](https://ncit.nci.nih.gov/ncitbrowser/pages/home.jsf) and are provided here as a suggestive example.","StructureDefinition/KBV-PR-MIO-LAB-DeviceDefinition-Specimen-Container,StructureDefinition/KBV-PR-MIO-LAB-DeviceDefinition-Laboratory-Analyzer,StructureDefinition/KBV-PR-MIO-LAB-DeviceDefinition-Specimen-Subject","Other"
http://hl7.org/fhir/ValueSet/device-status,4.0.1,draft,"2.16.840.1.113883.4.642.3.209",FHIRDeviceStatus,FHIRDeviceStatus,"The availability status of the device.","StructureDefinition/KBV-PR-MIO-LAB-Device-Laboratory-Analyzer,StructureDefinition/KBV-PR-MIO-LAB-Device-Specimen-Container,StructureDefinition/KBV-PR-MIO-LAB-Device-Specimen-Subject","hl7.fhir.r4.core"
http://hl7.org/fhir/ValueSet/device-status-reason,4.0.1,draft,"2.16.840.1.113883.4.642.3.1081",FHIRDeviceStatusReason,FHIRDeviceStatusReason,"The availability status reason of the device.","StructureDefinition/KBV-PR-MIO-LAB-Device-Laboratory-Analyzer,StructureDefinition/KBV-PR-MIO-LAB-Device-Specimen-Container,StructureDefinition/KBV-PR-MIO-LAB-Device-Specimen-Subject","THO"
http://hl7.org/fhir/ValueSet/device-type,4.0.1,draft,"2.16.840.1.113883.4.642.3.1376",DeviceType,Device Type,"Codes used to identify medical devices. Includes concepts from SNOMED CT (http://www.snomed.org/) where concept is-a 49062001 (Device)  and is provided as a suggestive example.","StructureDefinition/KBV-PR-MIO-LAB-Device-Laboratory-Analyzer,StructureDefinition/KBV-PR-MIO-LAB-Device-Specimen-Container,StructureDefinition/KBV-PR-MIO-LAB-Device-Specimen-Subject","SCT"
http://hl7.org/fhir/ValueSet/diagnostic-service-sections,4.0.1,draft,"2.16.840.1.113883.4.642.3.234",DiagnosticServiceSectionCodes,Diagnostic Service Section Codes,"This value set includes all the codes in HL7 V2 table 0074.","StructureDefinition/KBV-PR-MIO-LAB-DiagnosticReport","THO (V2)"
http://hl7.org/fhir/ValueSet/doc-section-codes,4.0.1,draft,"2.16.840.1.113883.4.642.3.237",DocumentSectionCodes,Document Section Codes,"Document section codes (LOINC codes used in CCDA sections).","StructureDefinition/KBV-PR-MIO-LAB-Composition","LOINC"
http://hl7.org/fhir/ValueSet/doc-typecodes,4.0.1,draft,"2.16.840.1.113883.4.642.3.240",FHIRDocumentTypeCodes,FHIR Document Type Codes,"FHIR Document Codes - all LOINC codes where scale type = 'DOC'.","StructureDefinition/KBV-PR-MIO-LAB-Composition","LOINC"
http://hl7.org/fhir/ValueSet/document-classcodes,4.0.1,active,"2.16.840.1.113883.3.88.12.80.46",DocumentClassValueSet,Document Class Value Set,"This is the code specifying the high-level kind of document (e.g. Prescription, Discharge Summary, Report, etc.). Note: Class code for documents comes from LOINC, and is based upon one of the following:The type of service described by the document. It is described at a very high level in Section 7.3 of the LOINC Manual. The type study performed. It was determined by identifying modalities for study reports. The section of the chart where the document is placed. It was determined from the SETs created for Claims Attachment requests.","StructureDefinition/KBV-PR-MIO-LAB-Composition,StructureDefinition/KBV-PR-MIO-LAB-DocumentReference","LOINC"
http://hl7.org/fhir/ValueSet/document-reference-status,4.0.1,draft,"2.16.840.1.113883.4.642.3.7",DocumentReferenceStatus,DocumentReferenceStatus,"The status of the document reference.","StructureDefinition/KBV-PR-MIO-LAB-DocumentReference","hl7.fhir.r4.core"
http://hl7.org/fhir/ValueSet/document-relationship-type,4.0.1,draft,"2.16.840.1.113883.4.642.3.244",DocumentRelationshipType,DocumentRelationshipType,"The type of relationship between documents.","StructureDefinition/KBV-PR-MIO-LAB-Composition,StructureDefinition/KBV-PR-MIO-LAB-DocumentReference","hl7.fhir.r4.core"
http://hl7.org/fhir/ValueSet/duration-units,4.0.1,active,"2.16.840.1.113883.4.642.3.61",CommonUCUMCodesForDuration,Common UCUM Codes for Duration,"Unified Code for Units of Measure (UCUM). This value set includes all UCUM codes","StructureDefinition/KBV-PR-MIO-LAB-Specimen","UCUM"
http://hl7.org/fhir/ValueSet/formatcodes,4.0.1,active,"1.3.6.1.4.1.19376.1.2.7.1",DocumentReferenceFormatCodeSet,DocumentReference Format Code Set,"The value set is defined to be the set of format codes defined by the IHE Technical Framework, and also including additional format codes defined by the    HL7. The value set is listed in HITSP C80 Table 2-153 Format Code Value Set Definition,    with additions published later by IHE as published    at http://wiki.ihe.net/index.php?title=IHE_Format_Codes   and with additions published later by HL7 as published at https://confluence.hl7.org/display/SD/Format+Codes+for+IHE+XDS.   This is the code specifying the technical format of the document. Along with the typeCode,    it should provide sufficient information to allow any potential document consumer to know    if it will be able to process the document. The code shall be sufficiently specific to    ensure processing/display by identifying a document encoding, structure and template. The actual list of codes here is incomplete","StructureDefinition/KBV-PR-MIO-LAB-DocumentReference","Other"
http://hl7.org/fhir/ValueSet/http-verb,4.0.1,active,"2.16.840.1.113883.4.642.3.624",HTTPVerb,HTTPVerb,"HTTP verbs (in the HTTP command line). See [HTTP rfc](https://tools.ietf.org/html/rfc7231) for details.","StructureDefinition/KBV-PR-MIO-LAB-Bundle","hl7.fhir.r4.core"
http://hl7.org/fhir/ValueSet/identifier-type,4.0.1,active,"2.16.840.1.113883.4.642.3.45",Identifier Type Codes,IdentifierType,"A coded type for an identifier that can be used to determine which identifier to use for a specific purpose.","StructureDefinition/KBV-PR-MIO-LAB-Device-Laboratory-Analyzer,StructureDefinition/KBV-PR-MIO-LAB-DiagnosticReport,StructureDefinition/KBV-PR-MIO-LAB-Patient,StructureDefinition/KBV-PR-MIO-LAB-Composition,StructureDefinition/KBV-PR-MIO-LAB-Organization,StructureDefinition/KBV-PR-MIO-LAB-Observation-Laboratory-Study,StructureDefinition/KBV-PR-MIO-LAB-Device-Specimen-Container,StructureDefinition/KBV-PR-MIO-LAB-ServiceRequest,StructureDefinition/KBV-PR-MIO-LAB-Device-Specimen-Subject,StructureDefinition/KBV-PR-MIO-LAB-Practitioner,StructureDefinition/KBV-PR-MIO-LAB-RelatedPerson","THO (V2)"
http://hl7.org/fhir/ValueSet/identifier-use,4.0.1,active,"2.16.840.1.113883.4.642.3.57",IdentifierUse,IdentifierUse,"Identifies the purpose for this identifier, if known .","StructureDefinition/KBV-PR-MIO-LAB-Device-Laboratory-Analyzer,StructureDefinition/KBV-PR-MIO-LAB-DiagnosticReport,StructureDefinition/KBV-PR-MIO-LAB-Patient,StructureDefinition/KBV-PR-MIO-LAB-Composition,StructureDefinition/KBV-PR-MIO-LAB-Organization,StructureDefinition/KBV-PR-MIO-LAB-Observation-Laboratory-Study,StructureDefinition/KBV-PR-MIO-LAB-Device-Specimen-Container,StructureDefinition/KBV-PR-MIO-LAB-ServiceRequest,StructureDefinition/KBV-PR-MIO-LAB-Device-Specimen-Subject,StructureDefinition/KBV-PR-MIO-LAB-Practitioner,StructureDefinition/KBV-PR-MIO-LAB-RelatedPerson,StructureDefinition/KBV-PR-MIO-LAB-Specimen","hl7.fhir.r4.core"
http://hl7.org/fhir/ValueSet/languages,4.0.1,draft,"2.16.840.1.113883.4.642.3.20",CommonLanguages,Common Languages,"This value set includes common codes from BCP-47 (http://tools.ietf.org/html/bcp47)","StructureDefinition/KBV-PR-MIO-LAB-DiagnosticReport,StructureDefinition/KBV-PR-MIO-LAB-Patient,StructureDefinition/KBV-PR-MIO-LAB-Composition,StructureDefinition/KBV-PR-MIO-LAB-Observation-Laboratory-Study-Group,StructureDefinition/KBV-PR-MIO-LAB-Device-Specimen-Container,StructureDefinition/KBV-PR-MIO-LAB-RelatedPerson,StructureDefinition/KBV-PR-MIO-LAB-PractitionerRole,StructureDefinition/KBV-PR-MIO-LAB-DocumentReference,StructureDefinition/KBV-PR-MIO-LAB-DeviceDefinition-Specimen-Subject,StructureDefinition/KBV-PR-MIO-LAB-Condition-Diagnosis,StructureDefinition/KBV-PR-MIO-LAB-Substance,StructureDefinition/KBV-PR-MIO-LAB-Device-Laboratory-Analyzer,StructureDefinition/KBV-PR-MIO-LAB-DeviceDefinition-Specimen-Container,StructureDefinition/KBV-PR-MIO-LAB-Observation-Image-Attachment,StructureDefinition/KBV-PR-MIO-LAB-Bundle,StructureDefinition/KBV-PR-MIO-LAB-Observation-Laboratory-Study,StructureDefinition/KBV-PR-MIO-LAB-Organization,StructureDefinition/KBV-PR-MIO-LAB-BodyStructure,StructureDefinition/KBV-PR-MIO-LAB-DeviceDefinition-Laboratory-Analyzer,StructureDefinition/KBV-PR-MIO-LAB-ServiceRequest,StructureDefinition/KBV-PR-MIO-LAB-Device-Specimen-Subject,StructureDefinition/KBV-PR-MIO-LAB-Practitioner,StructureDefinition/KBV-PR-MIO-LAB-Provenance,StructureDefinition/KBV-PR-MIO-LAB-Specimen","hl7.fhir.uv.xver-r5.r4"
http://hl7.org/fhir/ValueSet/link-type,4.0.1,active,"2.16.840.1.113883.4.642.3.423",LinkType,LinkType,"The type of link between this patient resource and another patient resource.","StructureDefinition/KBV-PR-MIO-LAB-Patient","hl7.fhir.r4.core"
http://hl7.org/fhir/ValueSet/list-empty-reason,4.0.1,draft,"2.16.840.1.113883.4.642.3.322",ListEmptyReasons,List Empty Reasons,"General reasons for a list to be empty. Reasons are either related to a summary list (i.e. problem or medication list) or to a workflow related list (i.e. consultation list).","StructureDefinition/KBV-PR-MIO-LAB-Composition","THO"
http://hl7.org/fhir/ValueSet/list-mode,4.0.1,draft,"2.16.840.1.113883.4.642.3.318",ListMode,ListMode,"The processing mode that applies to this list.","StructureDefinition/KBV-PR-MIO-LAB-Composition","hl7.fhir.r4.core"
http://hl7.org/fhir/ValueSet/list-order,4.0.1,draft,"2.16.840.1.113883.4.642.3.324",ListOrderCodes,List Order Codes,"Base values for the order of the items in a list resource.","StructureDefinition/KBV-PR-MIO-LAB-Composition","THO"
http://hl7.org/fhir/ValueSet/manifestation-or-symptom,4.0.1,draft,"2.16.840.1.113883.4.642.3.169",ManifestationAndSymptomCodes,Manifestation and Symptom Codes,"Example value set for Manifestation and Symptom codes.","StructureDefinition/KBV-PR-MIO-LAB-Condition-Diagnosis","SCT"
http://hl7.org/fhir/ValueSet/marital-status,4.0.1,active,"2.16.840.1.113883.4.642.3.29",Marital Status Codes,MaritalStatus,"This value set defines the set of codes that can be used to indicate the marital status of a person.","StructureDefinition/KBV-PR-MIO-LAB-Patient","THO (V3)"
http://hl7.org/fhir/ValueSet/medication-as-needed-reason,4.0.1,draft,"2.16.840.1.113883.4.642.3.96",SNOMEDCTMedicationAsNeededReasonCodes,SNOMED CT Medication As Needed Reason Codes,"This value set includes all clinical findings from SNOMED CT - provided as an exemplar value set.","StructureDefinition/KBV-PR-MIO-LAB-ServiceRequest","SCT"
http://hl7.org/fhir/ValueSet/name-part-qualifier,4.0.1,draft,"2.16.840.1.113883.4.642.3.906",EntityNamePartQualifier,EntityNamePartQualifier,"A set of codes each of which specifies a certain subcategory of the name part in addition to the main name part type.","StructureDefinition/KBV-PR-MIO-LAB-Patient,StructureDefinition/KBV-PR-MIO-LAB-Practitioner,StructureDefinition/KBV-PR-MIO-LAB-RelatedPerson","THO (V3)"
http://hl7.org/fhir/ValueSet/name-use,4.0.1,active,"2.16.840.1.113883.4.642.3.65",NameUse,NameUse,"The use of a human name.","StructureDefinition/KBV-PR-MIO-LAB-Patient,StructureDefinition/KBV-PR-MIO-LAB-Practitioner,StructureDefinition/KBV-PR-MIO-LAB-RelatedPerson","hl7.fhir.r4.core"
http://hl7.org/fhir/ValueSet/narrative-status,4.0.1,draft,"2.16.840.1.113883.4.642.3.55",NarrativeStatus,NarrativeStatus,"The status of a resource narrative.","StructureDefinition/KBV-PR-MIO-LAB-DiagnosticReport,StructureDefinition/KBV-PR-MIO-LAB-Patient,StructureDefinition/KBV-PR-MIO-LAB-Composition,StructureDefinition/KBV-PR-MIO-LAB-Observation-Laboratory-Study-Group,StructureDefinition/KBV-PR-MIO-LAB-Device-Specimen-Container,StructureDefinition/KBV-PR-MIO-LAB-RelatedPerson,StructureDefinition/KBV-PR-MIO-LAB-PractitionerRole,StructureDefinition/KBV-PR-MIO-LAB-DocumentReference,StructureDefinition/KBV-PR-MIO-LAB-DeviceDefinition-Specimen-Subject,StructureDefinition/KBV-PR-MIO-LAB-Condition-Diagnosis,StructureDefinition/KBV-PR-MIO-LAB-Substance,StructureDefinition/KBV-PR-MIO-LAB-Device-Laboratory-Analyzer,StructureDefinition/KBV-PR-MIO-LAB-DeviceDefinition-Specimen-Container,StructureDefinition/KBV-PR-MIO-LAB-Observation-Image-Attachment,StructureDefinition/KBV-PR-MIO-LAB-Observation-Laboratory-Study,StructureDefinition/KBV-PR-MIO-LAB-Organization,StructureDefinition/KBV-PR-MIO-LAB-BodyStructure,StructureDefinition/KBV-PR-MIO-LAB-DeviceDefinition-Laboratory-Analyzer,StructureDefinition/KBV-PR-MIO-LAB-ServiceRequest,StructureDefinition/KBV-PR-MIO-LAB-Device-Specimen-Subject,StructureDefinition/KBV-PR-MIO-LAB-Practitioner,StructureDefinition/KBV-PR-MIO-LAB-Provenance,StructureDefinition/KBV-PR-MIO-LAB-Specimen","hl7.fhir.r4.core"
http://hl7.org/fhir/ValueSet/observation-category,4.0.1,draft,"2.16.840.1.113883.4.642.3.403",ObservationCategoryCodes,Observation Category Codes,"Observation Category codes.","StructureDefinition/KBV-PR-MIO-LAB-Observation-Image-Attachment,StructureDefinition/KBV-PR-MIO-LAB-Observation-Laboratory-Study-Group,StructureDefinition/KBV-PR-MIO-LAB-Observation-Laboratory-Study","THO"
http://hl7.org/fhir/ValueSet/observation-codes,4.0.1,draft,"2.16.840.1.113883.4.642.3.396",LOINCCodes,LOINC Codes,"This value set includes all LOINC codes","StructureDefinition/KBV-PR-MIO-LAB-Observation-Image-Attachment,StructureDefinition/KBV-PR-MIO-LAB-Observation-Laboratory-Study-Group,StructureDefinition/KBV-PR-MIO-LAB-Observation-Laboratory-Study","LOINC"
http://hl7.org/fhir/ValueSet/observation-interpretation,4.0.1,active,"2.16.840.1.113883.4.642.3.399",ObservationInterpretationCodes,Observation Interpretation Codes,"A categorical assessment, providing a rough qualitative interpretation of the observation value,    such as “normal”/ “abnormal”,”low” / “high”, “better” / “worse”, “susceptible” / “resistant”, “expected”/ “not expected”.    The value set is intended to be for ANY use where coded representation of an interpretation is needed.             Notes:          This is being communicated in v2.x in OBX-8 (Observation Interpretation), in v3 in ObservationInterpretation (CWE) in R1 (Representative Realm) and in FHIR in    Observation.interpretation. Historically these values come from the laboratory domain, and these codes are extensively    used. The value set binding is extensible, so codes outside the value set that are needed for interpretation concepts    (i.e. particular meanings) that are not included in the value set can be used, and these new codes may also be added to    the value set and published in a future version.","StructureDefinition/KBV-PR-MIO-LAB-Observation-Image-Attachment,StructureDefinition/KBV-PR-MIO-LAB-Observation-Laboratory-Study-Group,StructureDefinition/KBV-PR-MIO-LAB-Observation-Laboratory-Study","THO (V3)"
http://hl7.org/fhir/ValueSet/observation-methods,4.0.1,draft,"2.16.840.1.113883.4.642.3.395",ObservationMethods,Observation Methods,"Observation Method codes from [SNOMED CT](http://snomed.info/sct) where concept is-a 272394005 (Technique (qualifier value)) or is-a 129264002 (Action (qualifier value)) or is-a 386053000 (Evaluation procedure(procedure))","StructureDefinition/KBV-PR-MIO-LAB-Observation-Image-Attachment,StructureDefinition/KBV-PR-MIO-LAB-Observation-Laboratory-Study-Group,StructureDefinition/KBV-PR-MIO-LAB-Observation-Laboratory-Study","SCT"
http://hl7.org/fhir/ValueSet/observation-status,4.0.1,active,"2.16.840.1.113883.4.642.3.400",ObservationStatus,ObservationStatus,"Codes providing the status of an observation.","StructureDefinition/KBV-PR-MIO-LAB-Observation-Image-Attachment,StructureDefinition/KBV-PR-MIO-LAB-Observation-Laboratory-Study-Group,StructureDefinition/KBV-PR-MIO-LAB-Observation-Laboratory-Study","hl7.fhir.r4.core"
http://hl7.org/fhir/ValueSet/organization-type,4.0.1,draft,"2.16.840.1.113883.4.642.3.414",OrganizationType,Organization type,"This example value set defines a set of codes that can be used to indicate a type of organization.","StructureDefinition/KBV-PR-MIO-LAB-Organization","THO"
http://hl7.org/fhir/ValueSet/participant-role,4.0.1,draft,"2.16.840.1.113883.4.642.3.152",ParticipantRoles,Participant Roles,"Roles of participants that may be included in a care team.  Defined as: Is a Person, Healthcare professional (occupation) or Healthcare related organization (qualifier value).","StructureDefinition/KBV-PR-MIO-LAB-ServiceRequest","SCT"
http://hl7.org/fhir/ValueSet/patient-contactrelationship,4.0.1,active,"2.16.840.1.113883.4.642.3.1130",PatientContactRelationship,Patient Contact Relationship ,"The nature of the relationship between the patient and the contact person.","StructureDefinition/KBV-PR-MIO-LAB-Patient","THO (V2)"
http://hl7.org/fhir/ValueSet/practitioner-role,4.0.1,draft,"2.16.840.1.113883.4.642.3.439",PractitionerRole,Practitioner role,"This example value set defines a set of codes that can be used to indicate the role of a Practitioner.","StructureDefinition/KBV-PR-MIO-LAB-PractitionerRole","SCT,THO"
http://hl7.org/fhir/ValueSet/procedure-code,4.0.1,draft,"2.16.840.1.113883.4.642.3.427",ProcedureCodes(SNOMEDCT),Procedure Codes (SNOMED CT),"Procedure Code: All SNOMED CT procedure codes.","StructureDefinition/KBV-PR-MIO-LAB-ServiceRequest","SCT"
http://hl7.org/fhir/ValueSet/procedure-reason,4.0.1,draft,"2.16.840.1.113883.4.642.3.432",ProcedureReasonCodes,Procedure Reason Codes,"This example value set defines the set of codes that can be used to indicate a reason for a procedure.","StructureDefinition/KBV-PR-MIO-LAB-ServiceRequest","SCT"
http://hl7.org/fhir/ValueSet/provenance-activity-type,4.0.1,draft,"2.16.840.1.113883.4.642.3.438",ProvenanceActivityType,Provenance activity type,"This value set contains representative Activity Type codes, which includes codes from the HL7 DocumentCompletion, ActStatus, and DataOperations code system, W3C PROV-DM and PROV-N concepts and display names, several HL7 Lifecycle Event codes for which there are agreed upon definitions, and non-duplicated codes from the HL7 Security and Privacy Ontology Operations codes.","StructureDefinition/KBV-PR-MIO-LAB-Provenance","THO (V3)"
http://hl7.org/fhir/ValueSet/provenance-agent-type,4.0.1,draft,"2.16.840.1.113883.4.642.3.1003",ProvenanceParticipantType,Provenance participant type,"The type of participation a provenance participant.","StructureDefinition/KBV-PR-MIO-LAB-Provenance","THO"
http://hl7.org/fhir/ValueSet/provenance-entity-role,4.0.1,draft,"2.16.840.1.113883.4.642.3.436",ProvenanceEntityRole,ProvenanceEntityRole,"How an entity was used in an activity.","StructureDefinition/KBV-PR-MIO-LAB-Provenance","hl7.fhir.r4.core"
http://hl7.org/fhir/ValueSet/quantity-comparator,4.0.1,active,"2.16.840.1.113883.4.642.3.59",QuantityComparator,QuantityComparator,"How the Quantity should be understood and represented.","StructureDefinition/KBV-PR-MIO-LAB-Observation-Laboratory-Study,StructureDefinition/KBV-EX-MIO-LAB-Alternative-Result,StructureDefinition/KBV-PR-MIO-LAB-Specimen","hl7.fhir.r4.core"
http://hl7.org/fhir/ValueSet/referencerange-appliesto,4.0.1,draft,"2.16.840.1.113883.4.642.3.407",ObservationReferenceRangeAppliesToCodes,Observation Reference Range Applies To Codes,"This value set defines a set of codes that can be used to indicate the particular target population the reference range applies to.","StructureDefinition/KBV-PR-MIO-LAB-Observation-Image-Attachment,StructureDefinition/KBV-PR-MIO-LAB-Observation-Laboratory-Study-Group,StructureDefinition/KBV-PR-MIO-LAB-Observation-Laboratory-Study","SCT"
http://hl7.org/fhir/ValueSet/referencerange-meaning,4.0.1,draft,"2.16.840.1.113883.4.642.3.397",ObservationReferenceRangeMeaningCodes,Observation Reference Range Meaning Codes,"This value set defines a set of codes that can be used to indicate the meaning/use of a reference range for a particular target population.","StructureDefinition/KBV-PR-MIO-LAB-Observation-Image-Attachment,StructureDefinition/KBV-PR-MIO-LAB-Observation-Laboratory-Study-Group,StructureDefinition/KBV-PR-MIO-LAB-Observation-Laboratory-Study","THO"
http://hl7.org/fhir/ValueSet/relatedperson-relationshiptype,4.0.1,draft,"2.16.840.1.113883.4.642.3.449",PatientRelationshipType,Patient relationship type,"A set of codes that can be used to indicate the relationship between a Patient and a Related Person.","StructureDefinition/KBV-PR-MIO-LAB-RelatedPerson","THO (V3),THO (V2)"
http://hl7.org/fhir/ValueSet/report-codes,4.0.1,draft,"2.16.840.1.113883.4.642.3.233",LOINCDiagnosticReportCodes,LOINC Diagnostic Report Codes,"This value set includes LOINC codes that relate to Diagnostic Observations.","StructureDefinition/KBV-PR-MIO-LAB-DiagnosticReport","LOINC"
http://hl7.org/fhir/ValueSet/request-intent,4.0.1,draft,"2.16.840.1.113883.4.642.3.113",RequestIntent,RequestIntent,"Codes indicating the degree of authority/intentionality associated with a request.","StructureDefinition/KBV-PR-MIO-LAB-ServiceRequest","hl7.fhir.r4.core"
http://hl7.org/fhir/ValueSet/request-priority,4.0.1,draft,"2.16.840.1.113883.4.642.3.115",RequestPriority,Request priority,"The clinical priority of a diagnostic order.","StructureDefinition/KBV-PR-MIO-LAB-ServiceRequest","hl7.fhir.r4.core"
http://hl7.org/fhir/ValueSet/request-status,4.0.1,draft,"2.16.840.1.113883.4.642.3.111",RequestStatus,RequestStatus,"Codes identifying the lifecycle stage of a request.","StructureDefinition/KBV-PR-MIO-LAB-ServiceRequest","hl7.fhir.r4.core"
http://hl7.org/fhir/ValueSet/resource-types,4.0.1,active,"2.16.840.1.113883.4.642.3.27",ResourceType,ResourceType,"One of the resource types defined as part of this version of FHIR.","StructureDefinition/KBV-PR-MIO-LAB-DiagnosticReport,StructureDefinition/KBV-PR-MIO-LAB-Patient,StructureDefinition/KBV-PR-MIO-LAB-Composition,StructureDefinition/KBV-PR-MIO-LAB-Observation-Laboratory-Study-Group,StructureDefinition/KBV-PR-MIO-LAB-Device-Specimen-Container,StructureDefinition/KBV-PR-MIO-LAB-RelatedPerson,StructureDefinition/KBV-PR-MIO-LAB-PractitionerRole,StructureDefinition/KBV-PR-MIO-LAB-DocumentReference,StructureDefinition/KBV-PR-MIO-LAB-Condition-Diagnosis,StructureDefinition/KBV-PR-MIO-LAB-Device-Laboratory-Analyzer,StructureDefinition/KBV-PR-MIO-LAB-Observation-Image-Attachment,StructureDefinition/KBV-PR-MIO-LAB-Observation-Laboratory-Study,StructureDefinition/KBV-PR-MIO-LAB-Organization,StructureDefinition/KBV-PR-MIO-LAB-BodyStructure,StructureDefinition/KBV-PR-MIO-LAB-ServiceRequest,StructureDefinition/KBV-PR-MIO-LAB-Device-Specimen-Subject,StructureDefinition/KBV-PR-MIO-LAB-Practitioner,StructureDefinition/KBV-PR-MIO-LAB-Provenance,StructureDefinition/KBV-PR-MIO-LAB-Specimen","hl7.fhir.r4.core"
http://hl7.org/fhir/ValueSet/search-entry-mode,4.0.1,active,"2.16.840.1.113883.4.642.3.622",SearchEntryMode,SearchEntryMode,"Why an entry is in the result set - whether it's included as a match or because of an _include requirement, or to convey information or warning information about the search process.","StructureDefinition/KBV-PR-MIO-LAB-Bundle","hl7.fhir.r4.core"
http://hl7.org/fhir/ValueSet/security-labels,4.0.1,active,"2.16.840.1.113883.4.642.3.47",All Security Labels,SecurityLabels,"A single value set for all security labels defined by FHIR.","StructureDefinition/KBV-PR-MIO-LAB-DiagnosticReport,StructureDefinition/KBV-PR-MIO-LAB-Patient,StructureDefinition/KBV-PR-MIO-LAB-Composition,StructureDefinition/KBV-PR-MIO-LAB-Observation-Laboratory-Study-Group,StructureDefinition/KBV-PR-MIO-LAB-Device-Specimen-Container,StructureDefinition/KBV-PR-MIO-LAB-RelatedPerson,StructureDefinition/KBV-PR-MIO-LAB-PractitionerRole,StructureDefinition/KBV-PR-MIO-LAB-DocumentReference,StructureDefinition/KBV-PR-MIO-LAB-DeviceDefinition-Specimen-Subject,StructureDefinition/KBV-PR-MIO-LAB-Condition-Diagnosis,StructureDefinition/KBV-PR-MIO-LAB-Substance,StructureDefinition/KBV-PR-MIO-LAB-Device-Laboratory-Analyzer,StructureDefinition/KBV-PR-MIO-LAB-DeviceDefinition-Specimen-Container,StructureDefinition/KBV-PR-MIO-LAB-Observation-Image-Attachment,StructureDefinition/KBV-PR-MIO-LAB-Bundle,StructureDefinition/KBV-PR-MIO-LAB-Observation-Laboratory-Study,StructureDefinition/KBV-PR-MIO-LAB-Organization,StructureDefinition/KBV-PR-MIO-LAB-BodyStructure,StructureDefinition/KBV-PR-MIO-LAB-DeviceDefinition-Laboratory-Analyzer,StructureDefinition/KBV-PR-MIO-LAB-ServiceRequest,StructureDefinition/KBV-PR-MIO-LAB-Device-Specimen-Subject,StructureDefinition/KBV-PR-MIO-LAB-Practitioner,StructureDefinition/KBV-PR-MIO-LAB-Provenance,StructureDefinition/KBV-PR-MIO-LAB-Specimen",
http://hl7.org/fhir/ValueSet/security-role-type,4.0.1,draft,"2.16.840.1.113883.4.642.3.978",SecurityRoleType,SecurityRoleType,"This example FHIR value set is comprised of example Actor Type codes, which can be used to value FHIR agents, actors, and other role         elements such as those specified in financial transactions. The FHIR Actor value set is based on    DICOM Audit Message, C402;   ASTM Standard, E1762-95 [2013]; selected codes and          derived actor roles from HL7 RoleClass OID 2.16.840.1.113883.5.110;    HL7 Role Code 2.16.840.1.113883.5.111, including AgentRoleType;          HL7 ParticipationType OID: 2.16.840.1.113883.5.90; and    HL7 ParticipationFunction codes OID: 2.16.840.1.113883.5.88.           This value set includes, by reference, role codes from external code systems: NUCC Health Care Provider Taxonomy OID: 2.16.840.1.113883.6.101;          North American Industry Classification System [NAICS]OID: 2.16.840.1.113883.6.85; IndustryClassificationSystem 2.16.840.1.113883.1.11.16039;          and US Census Occupation Code OID: 2.16.840.1.113883.6.243 for relevant recipient or custodian codes not included in this value set.            If no source is indicated in the definition comments, then these are example FHIR codes.          It can be extended with appropriate roles described by SNOMED as well as those described in the HL7 Role Based Access Control Catalog and the          HL7 Healthcare (Security and Privacy) Access Control Catalog.            In Role-Based Access Control (RBAC), permissions are operations on an object that a user wishes to access. Permissions are grouped into roles.          A role characterizes the functions a user is allowed to perform. Roles are assigned to users. If the user's role has the appropriate permissions          to access an object, then that user is granted access to the object. FHIR readily enables RBAC, as FHIR Resources are object types and the CRUDE          events (the FHIR equivalent to permissions in the RBAC scheme) are operations on those objects.          In Attribute-Based Access Control (ABAC), a user requests to perform operations on objects. That user's access request is granted or denied          based on a set of access control policies that are specified in terms of attributes and conditions. FHIR readily enables ABAC, as instances of          a Resource in FHIR (again, Resources are object types) can have attributes associated with them. These attributes include security tags,          environment conditions, and a host of user and object characteristics, which are the same attributes as those used in ABAC. Attributes help          define the access control policies that determine the operations a user may perform on a Resource (in FHIR) or object (in ABAC). For example,          a tag (or attribute) may specify that the identified Resource (object) is not to be further disclosed without explicit consent from the patient.","StructureDefinition/KBV-PR-MIO-LAB-Provenance","THO (V3),THO,DICOM"
http://hl7.org/fhir/ValueSet/servicerequest-category,4.0.1,draft,"2.16.840.1.113883.4.642.3.434",ServiceRequestCategoryCodes,Service Request Category Codes,"An example value set of SNOMED CT concepts that can classify a requested service","StructureDefinition/KBV-PR-MIO-LAB-ServiceRequest","SCT"
http://hl7.org/fhir/ValueSet/servicerequest-orderdetail,4.0.1,draft,"2.16.840.1.113883.4.642.3.435",ServiceRequestOrderDetailsCodes,Service Request Order Details Codes,"An example value set of Codified order entry details concepts.  These concepts only make sense in the context of what is being ordered.  This example is for a patient ventilation order","StructureDefinition/KBV-PR-MIO-LAB-ServiceRequest","SCT"
http://hl7.org/fhir/ValueSet/specimen-collection-method,4.0.1,draft,"2.16.840.1.113883.4.642.3.468",FHIRSpecimenCollectionMethod,FHIR Specimen Collection Method," This example value set defines a set of codes that can be used to indicate the method by which a specimen was collected.","StructureDefinition/KBV-PR-MIO-LAB-Specimen","SCT"
http://hl7.org/fhir/ValueSet/specimen-container-type,4.0.1,draft,"2.16.840.1.113883.4.642.3.470",SpecimenContainerType,Specimen Container Type,"Checks on the patient prior specimen collection. All SNOMED CT concepts descendants of 706041008 |Device for body fluid and tissue collection/transfer/processing (physical object)|","StructureDefinition/KBV-PR-MIO-LAB-Device-Specimen-Container,StructureDefinition/KBV-PR-MIO-LAB-Specimen","SCT"
http://hl7.org/fhir/ValueSet/specimen-processing-procedure,4.0.1,draft,"2.16.840.1.113883.4.642.3.469",SpecimenProcessingProcedure,Specimen processing procedure,"The technique that is used to perform the process or preserve the specimen.","StructureDefinition/KBV-PR-MIO-LAB-Specimen","THO (V2)"
http://hl7.org/fhir/ValueSet/specimen-status,4.0.1,draft,"2.16.840.1.113883.4.642.3.471",SpecimenStatus,SpecimenStatus,"Codes providing the status/availability of a specimen.","StructureDefinition/KBV-PR-MIO-LAB-Specimen","hl7.fhir.r4.core"
http://hl7.org/fhir/ValueSet/substance-category,4.0.1,draft,"2.16.840.1.113883.4.642.3.476",SubstanceCategoryCodes,Substance Category Codes,"Substance category codes","StructureDefinition/KBV-PR-MIO-LAB-Substance","THO"
http://hl7.org/fhir/ValueSet/substance-code,4.0.1,draft,"2.16.840.1.113883.4.642.3.473",SubstanceCode,Substance Code,"This value set contains concept codes for specific substances. It includes codes from [SNOMED](http://snomed.info/sct) where concept is-a 105590001 (Substance (substance)) and where concept is-a 373873005 (Pharmaceutical / biologic product (product))","StructureDefinition/KBV-PR-MIO-LAB-Substance","SCT"
http://hl7.org/fhir/ValueSet/substance-status,4.0.1,draft,"2.16.840.1.113883.4.642.3.474",FHIRSubstanceStatus,FHIRSubstanceStatus,"A code to indicate if the substance is actively used.","StructureDefinition/KBV-PR-MIO-LAB-Substance","hl7.fhir.r4.core"
http://hl7.org/fhir/ValueSet/therapy,5.0.0,draft,"2.16.840.1.113883.4.642.3.3112",Therapy,Therapy,"A therapy.","StructureDefinition/KBV-PR-MIO-LAB-Patient","SCT"
http://hl7.org/fhir/ValueSet/udi-entry-type,4.0.1,draft,"2.16.840.1.113883.4.642.3.211",UDIEntryType,UDIEntryType,"Codes to identify how UDI data was entered.","StructureDefinition/KBV-PR-MIO-LAB-Device-Laboratory-Analyzer,StructureDefinition/KBV-PR-MIO-LAB-Device-Specimen-Container,StructureDefinition/KBV-PR-MIO-LAB-Device-Specimen-Subject","hl7.fhir.r4.core"
http://ihe-d.de/ValueSets/IHEXDSclassCode,2021-06-25T13:44:47,active,"1.2.276.0.76.11.32",IHEXDSclassCode,IHE XDS classCode,"**classCode (XDSDocumentEntry)**   A high-level classification of XDS Documents that indicates the kind of document, e.g., report, summary, note, consent.","StructureDefinition/KBV-PR-MIO-LAB-DocumentReference","de.ihe-d.terminology,LOINC"
http://ihe-d.de/ValueSets/IHEXDShealthcareFacilityTypeCode,2021-07-06T21:23:52,active,"1.2.276.0.76.11.36",IHEXDShealthcareFacilityTypeCode,IHE XDS healthcareFacilityTypeCode,"**healthcareFacilityTypeCode (XDSDocumentEntry)**  This code for an XDS Document represents the type of organizational setting of the clinical encounter during which the documented act occurred.","StructureDefinition/KBV-PR-MIO-LAB-Organization",
http://ihe-d.de/ValueSets/IHEXDStypeCode,2020-02-07T07:55:58,active,"1.2.276.0.76.11.38",IHEXDStypeCode,IHE XDS typeCode,"**typeCode (XDSDocumentEntry)**  A low-level classification of XDS Documents within a classCode that describes class, event, specialty, and setting.","StructureDefinition/KBV-PR-MIO-LAB-DocumentReference","de.ihe-d.terminology,LOINC"
http://terminology.hl7.org/ValueSet/sex-parameter-for-clinical-use,2.0.0,active,"2.16.840.1.113883.4.642.3.3181",SexParameterForClinicalUse,Sex Parameter for Clinical Use,"A summary parameter that provides guidance on how a receiver should apply settings or reference ranges that are derived from observable information such as an organ inventory, recent hormone lab tests, genetic testing, menstrual status, obstetric history, etc..","StructureDefinition/KBV-PR-MIO-LAB-Patient","THO"
http://terminology.hl7.org/ValueSet/v2-0371,3.0.0,active,"2.16.840.1.113883.21.245",Hl7VSAdditivePreservative,hl7VS-additivePreservative,"Concepts specifying any additive introduced to the specimen before or at the time of collection.  These additives may be introduced in order to preserve, maintain or enhance the particular nature or component of the specimen.  Used in Version 2 messaging in the SPM segment.","StructureDefinition/KBV-PR-MIO-LAB-Specimen","THO (V2)"
http://terminology.hl7.org/ValueSet/v2-0487,3.0.0,active,"2.16.840.1.113883.21.327",Hl7VSSpecimenType,hl7VS-specimenType,"Concepts that describe the precise nature of an entity that may be used as the source material for an observation.  This is one of two code systems that are used instead of table 0070 (code system xxxx) which conflated specimen types and specimen collection methods.   Used in Version 2 messaging in the SPM segment.","StructureDefinition/KBV-PR-MIO-LAB-Specimen","THO (V2)"
http://terminology.hl7.org/ValueSet/v2-0493,3.0.0,active,"2.16.840.1.113883.21.333",Hl7VSSpecimenCondition,hl7VS-specimenCondition,"Concepts of modes or states of being that describe the nature of a specimen.  Used in Version 2 messaging in the SPM segment.","StructureDefinition/KBV-PR-MIO-LAB-Specimen","THO (V2)"
http://terminology.hl7.org/ValueSet/v2-0916,3.0.0,active,"2.16.840.1.113883.21.440",Hl7VSRelevantClincialInformation,hl7VS-relevantClincialInformation,"Value Set of codes that specify additional clinical information about the patient or specimen to report the supporting and/or suspected diagnosis and clinical findings on requests for interpreted diagnostic studies.","StructureDefinition/KBV-PR-MIO-LAB-Specimen","THO (V2)"
http://terminology.hl7.org/ValueSet/v3-ActCode,3.0.0,active,,ActCode,v3 Code System ActCode,"A code specifying the particular kind of Act that the Act-instance represents within its class.  Constraints:  The kind of Act (e.g. physical examination, serum potassium, inpatient encounter, charge financial transaction, etc.) is specified with a code from one of several, typically external, coding systems.  The coding system will depend on the class of Act, such as LOINC for observations, etc. Conceptually, the Act.code must be a specialization of the Act.classCode. This is why the structure of ActClass domain should be reflected in the superstructure of the ActCode domain and then individual codes or externally referenced vocabularies subordinated under these domains that reflect the ActClass structure. Act.classCode and Act.code are not modifiers of each other but the Act.code concept should really imply the Act.classCode concept. For a negative example, it is not appropriate to use an Act.code ""potassium"" together with and Act.classCode for ""laboratory observation"" to somehow mean ""potassium laboratory observation"" and then use the same Act.code for ""potassium"" together with Act.classCode for ""medication"" to mean ""substitution of potassium"". This mutually modifying use of Act.code and Act.classCode is not permitted.","StructureDefinition/KBV-PR-MIO-LAB-Composition,StructureDefinition/KBV-PR-MIO-LAB-DocumentReference","THO (V3)"
http://terminology.hl7.org/ValueSet/v3-ConfidentialityClassification,2014-03-26,active,"2.16.840.1.113883.1.11.10228",v3.ConfidentialityClassification,V3 Value SetConfidentialityClassification," Set of codes used to value Act.Confidentiality and Role.Confidentiality attribute in accordance with the definition for concept domain ""Confidentiality"".","StructureDefinition/KBV-PR-MIO-LAB-Composition","THO (V3)"
http://terminology.hl7.org/ValueSet/v3-PurposeOfUse,3.1.0,active,"2.16.840.1.113883.1.11.20448",PurposeOfUse,PurposeOfUse,"Supports communication of purpose of use at a general level.","StructureDefinition/KBV-PR-MIO-LAB-Provenance","THO (V3)"
http://terminology.hl7.org/ValueSet/v3-ServiceDeliveryLocationRoleType,3.0.0,active,"2.16.840.1.113883.1.11.17660",ServiceDeliveryLocationRoleType,ServiceDeliveryLocationRoleType,"A role of a place that further classifies the setting (e.g., accident site, road side, work site, community location) in which services are delivered.","StructureDefinition/KBV-PR-MIO-LAB-ServiceRequest","THO (V3)"
https://fhir.kbv.de/ValueSet/KBV_VS_Base_CommonLanguages,1.8.0,active,,KBV_VS_Base_CommonLanguages,Bevorzugte Sprache (Includes),"Dieses Valueset enthält die Codes zur Beschreibung von Bevorzugte Sprache (Includes).","StructureDefinition/KBV-PR-MIO-LAB-Patient","hl7.fhir.uv.xver-r5.r4"
https://fhir.kbv.de/ValueSet/KBV_VS_Base_Deuev_Anlage_8,1.8.0,active,,KBV_VS_Base_Deuev_Anlage_8,Land/Wohnsitzländercode,"Dieses Valueset enthält die Codes zur Beschreibung von Land/Wohnsitzländercode.","StructureDefinition/KBV-PR-MIO-LAB-Patient,StructureDefinition/KBV-PR-MIO-LAB-Organization,StructureDefinition/KBV-PR-MIO-LAB-Practitioner,StructureDefinition/KBV-PR-MIO-LAB-RelatedPerson","de.basisprofil.r4"
https://fhir.kbv.de/ValueSet/KBV_VS_Base_Diagnosis_SNOMED_CT,1.8.0,active,,KBV_VS_Base_Diagnosis_SNOMED_CT,Diagnose SNOMED CT®,"Dieses Valueset enthält die Codes zur Beschreibung von Diagnose SNOMED CT®.","StructureDefinition/KBV-PR-MIO-LAB-Condition-Diagnosis","SCT"
https://fhir.kbv.de/ValueSet/KBV_VS_Base_Practitioner_Speciality,1.8.0,active,,KBV_VS_Base_Practitioner_Speciality,Practitioner Speciality,"Dieses Valueset enthält die Codes zur Beschreibung von Practitioner Speciality.","StructureDefinition/KBV-PR-MIO-LAB-Practitioner",
https://fhir.kbv.de/ValueSet/KBV_VS_Base_Role_Care,1.8.0,active,,KBV_VS_Base_Role_Care,Rolle in Bezug auf die Einrichtung,"Dieses Valueset enthält die Codes zur Beschreibung von Rolle in Bezug auf die Einrichtung.","StructureDefinition/KBV-PR-MIO-LAB-PractitionerRole","kbv.basis"
https://fhir.kbv.de/ValueSet/KBV_VS_MIO_LAB_Body_Structures_SNOMED_CT,1.0.0-update,draft,,KBV_VS_MIO_LAB_Body_Structures_SNOMED_CT,Körperstelle SNOMED CT®,"Dieses Valueset enthält die Codes zur Beschreibung von Körperstelle SNOMED CT®.","StructureDefinition/KBV-PR-MIO-LAB-BodyStructure","SCT"
https://fhir.kbv.de/ValueSet/KBV_VS_MIO_LAB_Bodystructure_Body_Landmark_Clock_Face_Position,1.0.0-update,draft,,KBV_VS_MIO_LAB_Bodystructure_Body_Landmark_Clock_Face_Position,Bodystructure Clock Face Position SNOMED CT®,"Dieses Valueset enthält die Codes zur Beschreibung von Bodystructure Clock Face Position SNOMED CT®.","StructureDefinition/KBV-PR-MIO-LAB-BodyStructure","SCT"
https://fhir.kbv.de/ValueSet/KBV_VS_MIO_LAB_Data_Absent_Reason,1.0.0-update,draft,,KBV_VS_MIO_LAB_Data_Absent_Reason,Nichtvorhandensein LOINC®,"Dieses Valueset enthält die Codes zur Beschreibung von Nichtvorhandensein LOINC®.","StructureDefinition/KBV-PR-MIO-LAB-Observation-Laboratory-Study","THO"
https://fhir.kbv.de/ValueSet/KBV_VS_MIO_LAB_Diagnostic_ReportStatus,1.0.0-update,draft,,KBV_VS_MIO_LAB_Diagnostic_ReportStatus,Status Gesamtbefund,"Dieses Valueset enthält die Codes zur Beschreibung von Status Gesamtbefund.","StructureDefinition/KBV-PR-MIO-LAB-DiagnosticReport","hl7.fhir.r4.core"
https://fhir.kbv.de/ValueSet/KBV_VS_MIO_LAB_EHDSIReferenceRangeAppliesTo,1.0.0-update,draft,,KBV_VS_MIO_LAB_EHDSIReferenceRangeAppliesTo,Kollektivbezug,"Dieses Valueset enthält die Codes zur Beschreibung von Kollektivbezug.","StructureDefinition/KBV-PR-MIO-LAB-Observation-Laboratory-Study","THO"
https://fhir.kbv.de/ValueSet/KBV_VS_MIO_LAB_Extracorporal_Device_SNOMED_CT,1.0.0-update,draft,,KBV_VS_MIO_LAB_Extracorporal_Device_SNOMED_CT,Außerkörperliche Quellen SNOMED CT®,"Dieses Valueset enthält die Codes zur Beschreibung von Außerkörperliche Quellen SNOMED CT®.","StructureDefinition/KBV-PR-MIO-LAB-Device-Specimen-Subject","SCT"
https://fhir.kbv.de/ValueSet/KBV_VS_MIO_LAB_Identifier_Type,1.0.0-update,draft,,KBV_VS_MIO_LAB_Identifier_Type,Identifier Type,"Dieses Valueset enthält die Codes zur Beschreibung von Identifier Type.","StructureDefinition/KBV-PR-MIO-LAB-Specimen","THO (V2)"
https://fhir.kbv.de/ValueSet/KBV_VS_MIO_LAB_Laboratory_Analyzer_SNOMED_CT,1.0.0-update,draft,,KBV_VS_MIO_LAB_Laboratory_Analyzer_SNOMED_CT,Laboranalysegerät SNOMED CT®,"Dieses Valueset enthält die Codes zur Beschreibung von Laboranalysegerät SNOMED CT®.","StructureDefinition/KBV-PR-MIO-LAB-Device-Laboratory-Analyzer","SCT"
https://fhir.kbv.de/ValueSet/KBV_VS_MIO_LAB_Laboratory_Specialties_LOINC,1.0.0-update,draft,,KBV_VS_MIO_LAB_Laboratory_Specialties_LOINC,Laborbereich LOINC®,"Dieses Valueset enthält die Codes zur Beschreibung von Laborbereich LOINC®.","StructureDefinition/KBV-PR-MIO-LAB-Observation-Laboratory-Study-Group,StructureDefinition/KBV-PR-MIO-LAB-Observation-Laboratory-Study","LOINC"
https://fhir.kbv.de/ValueSet/KBV_VS_MIO_LAB_Laboruntersuchungsgruppe,1.0.0-update,draft,,KBV_VS_MIO_LAB_Laboruntersuchungsgruppe,Test-Profil Laboruntersuchungsgruppe,"Dieses Valueset enthält die Codes zur Beschreibung von Test-Profil Laboruntersuchungsgruppe.","StructureDefinition/KBV-PR-MIO-LAB-Observation-Laboratory-Study-Group,StructureDefinition/KBV-PR-MIO-LAB-Observation-Laboratory-Study","Internal"
https://fhir.kbv.de/ValueSet/KBV_VS_MIO_LAB_Laterality_Body_Structure_SNOMED_CT,1.0.0-update,draft,,KBV_VS_MIO_LAB_Laterality_Body_Structure_SNOMED_CT,Lateralität Körperstelle SNOMED CT®,"Dieses Valueset enthält die Codes zur Beschreibung von Lateralität Körperstelle SNOMED CT®.","StructureDefinition/KBV-PR-MIO-LAB-BodyStructure","SCT"
https://fhir.kbv.de/ValueSet/KBV_VS_MIO_LAB_Localisation_Body_Structure_SNOMED_CT,1.0.0-update,draft,,KBV_VS_MIO_LAB_Localisation_Body_Structure_SNOMED_CT,Lokalisation innerhalb Körperstelle SNOMED CT®,"Dieses Valueset enthält die Codes zur Beschreibung von Lokalisation innerhalb Körperstelle SNOMED CT®.","StructureDefinition/KBV-PR-MIO-LAB-BodyStructure","SCT"
https://fhir.kbv.de/ValueSet/KBV_VS_MIO_LAB_MIME_Types,1.0.0-update,draft,,KBV_VS_MIO_LAB_MIME_Types,Dateiformat,"Dieses Valueset enthält die Codes zur Beschreibung von Dateiformat.","StructureDefinition/KBV-PR-MIO-LAB-DiagnosticReport,StructureDefinition/KBV-PR-MIO-LAB-Observation-Image-Attachment,StructureDefinition/KBV-PR-MIO-LAB-DocumentReference","Other"
https://fhir.kbv.de/ValueSet/KBV_VS_MIO_LAB_Observation_Laboratory_Study_Value_SNOMED_CT,1.0.0-update,draft,,KBV_VS_MIO_LAB_Observation_Laboratory_Study_Value_SNOMED_CT,Messergebnis Qualitativ SNOMED CT®,"Dieses Valueset enthält die Codes zur Beschreibung von Messergebnis Qualitativ SNOMED CT®.","StructureDefinition/KBV-PR-MIO-LAB-Observation-Laboratory-Study","SCT"
https://fhir.kbv.de/ValueSet/KBV_VS_MIO_LAB_Observation_Methods,1.0.0-update,draft,,KBV_VS_MIO_LAB_Observation_Methods,Untersuchungsmethode SNOMED CT®,"Dieses Valueset enthält die Codes zur Beschreibung von Untersuchungsmethode SNOMED CT®.","StructureDefinition/KBV-PR-MIO-LAB-Observation-Laboratory-Study","SCT"
https://fhir.kbv.de/ValueSet/KBV_VS_MIO_LAB_Observation_Status,1.0.0-update,draft,,KBV_VS_MIO_LAB_Observation_Status,Status Laboruntersuchung,"Dieses Valueset enthält die Codes zur Beschreibung von Status Laboruntersuchung.",,"hl7.fhir.r4.core"
https://fhir.kbv.de/ValueSet/KBV_VS_MIO_LAB_Secondary_Status,1.0.0-update,draft,,KBV_VS_MIO_LAB_Secondary_Status,Sekundärstatus Gesamtbefund,"Dieses Valueset enthält die Codes zur Beschreibung von Sekundärstatus Gesamtbefund.","StructureDefinition/KBV-PR-MIO-LAB-DiagnosticReport,StructureDefinition/KBV-EX-MIO-LAB-Secondary-Status","Internal"
https://fhir.kbv.de/ValueSet/KBV_VS_MIO_LAB_Specimen_Collection_Method_SNOMED_CT,1.0.0-update,draft,,KBV_VS_MIO_LAB_Specimen_Collection_Method_SNOMED_CT,Probenentnahme-Methode SNOMED CT®,"Dieses Valueset enthält die Codes zur Beschreibung von Probenentnahme-Methode SNOMED CT®.","StructureDefinition/KBV-PR-MIO-LAB-Specimen","SCT"
https://fhir.kbv.de/ValueSet/KBV_VS_MIO_LAB_Specimen_Condition,1.0.0-update,draft,,KBV_VS_MIO_LAB_Specimen_Condition,Zustand Probe,"Dieses Valueset enthält die Codes zur Beschreibung von Zustand Probe.","StructureDefinition/KBV-PR-MIO-LAB-Specimen","THO (V2),SCT"
https://fhir.kbv.de/ValueSet/KBV_VS_MIO_LAB_Specimen_Type_SNOMED_CT,1.0.0-update,draft,,KBV_VS_MIO_LAB_Specimen_Type_SNOMED_CT,Probenart SNOMED CT®,"Dieses Valueset enthält die Codes zur Beschreibung von Probenart SNOMED CT®.","StructureDefinition/KBV-PR-MIO-LAB-Specimen","SCT"
https://fhir.kbv.de/ValueSet/KBV_VS_MIO_LAB_Type_Diagram,1.0.0-update,draft,,KBV_VS_MIO_LAB_Type_Diagram,Typisierung Messdiagramm,"Dieses Valueset enthält die Codes zur Beschreibung von Typisierung Messdiagramm.","StructureDefinition/KBV-PR-MIO-LAB-Observation-Image-Attachment","SCT"
https://fhir.kbv.de/ValueSet/KBV_VS_SFHIR_BAR2_ARZTNRFACHGRUPPE,1.03,active,,KBV_VS_SFHIR_BAR2_ARZTNRFACHGRUPPE,,"Das Valueset enthält alle Codes aus dem Codesystem https://fhir.kbv.de/CodeSystem/KBV_CS_SFHIR_BAR2_ARZTNRFACHGRUPPE","StructureDefinition/KBV-PR-MIO-LAB-PractitionerRole","kbv.all.st"
https://fhir.kbv.de/ValueSet/KBV_VS_SFHIR_ICD_DIAGNOSESICHERHEIT,1.00,active,,KBV_VS_SFHIR_ICD_DIAGNOSESICHERHEIT,,"Das Valueset enthält alle Codes aus dem Codesystem https://fhir.kbv.de/CodeSystem/KBV_CS_SFHIR_ICD_DIAGNOSESICHERHEIT","StructureDefinition/KBV-PR-MIO-LAB-Condition-Diagnosis","kbv.all.st"
https://fhir.kbv.de/ValueSet/KBV_VS_SFHIR_ICD_SEITENLOKALISATION,1.00,active,,KBV_VS_SFHIR_ICD_SEITENLOKALISATION,,"Das Valueset enthält alle Codes aus dem Codesystem https://fhir.kbv.de/CodeSystem/KBV_CS_SFHIR_ICD_SEITENLOKALISATION","StructureDefinition/KBV-PR-MIO-LAB-Condition-Diagnosis","kbv.all.st"
